Date,Open,High,Low,Close,Adj Close,Volume
12/8/2014,7.4,7.4,7.22,7.39,7.16,4440
12/9/2014,7.25,7.38,7.1,7.1,6.87,4770
12/10/2014,7.3,7.3,7.25,7.25,7.02,1650
12/11/2014,7.31,7.31,7.25,7.3,7.07,1480
12/12/2014,7.26,7.38,7.25,7.38,7.15,8120
12/15/2014,7.39,7.49,7.39,7.4,7.17,7340
12/16/2014,7.4,7.4,7.26,7.26,7.03,5100
12/17/2014,7.26,7.39,7.2,7.26,7.03,8050
12/18/2014,7.38,7.38,7.05,7.37,7.14,26710
12/19/2014,7.36,7.37,7.29,7.29,7.06,4920
12/22/2014,7.4,7.4,7.29,7.29,7.06,2300
12/23/2014,7.3,7.3,7.28,7.28,7.05,2090
12/24/2014,7.35,7.35,7.3,7.3,7.07,270
12/25/2014,7.3,7.35,7.2,7.3,7.07,3320
12/26/2014,7.3,7.35,7.2,7.25,7.02,1360
12/29/2014,7.3,7.3,7.2,7.3,7.07,8820
12/30/2014,7.25,7.3,7.25,7.3,7.07,730
1/2/2015,7.25,7.5,7.25,7.5,7.27,630
1/5/2015,7.5,7.5,7.28,7.28,7.05,1020
1/6/2015,7.39,7.39,7.2,7.35,7.12,3670
1/7/2015,7.3,7.3,7.15,7.15,6.92,650
1/8/2015,7.3,7.3,7.15,7.27,7.04,2350
1/9/2015,7.28,7.28,7.1,7.27,7.04,1020
1/12/2015,7.2,7.2,7.06,7.06,6.83,1000
1/13/2015,7.27,7.27,7.08,7.08,6.85,1220
1/15/2015,7.24,7.24,7.1,7.24,7.01,150
1/16/2015,7.05,7.44,7.05,7.43,7.2,11660
1/19/2015,7.25,7.4,7.25,7.3,7.07,5570
1/20/2015,7.3,7.3,7.3,7.3,7.07,200
1/21/2015,7.3,7.5,7.3,7.5,7.27,20210
1/22/2015,7.5,7.5,7.3,7.3,7.07,1840
1/23/2015,7.11,7.32,7.11,7.3,7.07,820
1/26/2015,7.4,7.4,7.21,7.21,6.98,530
1/27/2015,7.38,7.5,7.37,7.5,7.27,12820
1/28/2015,7.5,7.5,7.5,7.5,7.27,300
1/29/2015,7.51,7.51,7.28,7.3,7.07,4110
1/30/2015,7.3,7.31,7.3,7.31,7.08,840
2/2/2015,7.28,7.45,7.24,7.24,7.01,1780
2/3/2015,7.45,7.54,7.45,7.46,7.23,9900
2/4/2015,7.45,7.49,7.4,7.48,7.25,5320
2/5/2015,7.49,7.54,7.49,7.49,7.26,2400
2/6/2015,7.54,7.55,7.4,7.4,7.17,3220
2/9/2015,7.55,7.55,7.2,7.2,6.97,570
2/10/2015,7.21,7.4,7.2,7.4,7.17,2600
2/11/2015,7.39,7.4,7.25,7.39,7.16,1130
2/12/2015,7.37,7.39,7.37,7.39,7.16,1830
2/13/2015,7.39,7.39,7.25,7.39,7.16,630
2/16/2015,7.35,7.35,7.35,7.35,7.12,9070
2/17/2015,7.25,7.4,7.25,7.4,7.17,7280
2/19/2015,7.4,7.4,7.27,7.27,7.04,2960
2/20/2015,7.28,7.35,7.28,7.34,7.11,1180
2/23/2015,7.34,7.34,7.3,7.3,7.07,1160
2/24/2015,7.35,7.35,7.28,7.28,7.05,5720
2/25/2015,7.28,7.28,7.2,7.2,6.97,1100
2/26/2015,7.2,7.2,7.12,7.12,6.89,3500
2/27/2015,7.04,7.25,7.04,7.2,6.97,3690
3/2/2015,7.2,7.2,7.19,7.19,6.96,1340
3/3/2015,7.19,7.19,7.02,7.02,6.79,1230
3/4/2015,7.1,7.11,7.1,7.1,6.87,2440
3/5/2015,7.1,7.1,7.03,7.03,6.8,670
3/6/2015,7.03,7.19,7.02,7.16,6.93,7000
3/9/2015,7.16,7.25,7.16,7.16,6.93,1900
3/10/2015,7.16,7.2,7.16,7.2,6.97,300
3/11/2015,7.2,7.23,7.2,7.23,7,2050
3/12/2015,7.23,7.4,7.23,7.3,7.07,500
3/13/2015,7.29,7.29,7.29,7.29,7.06,3000
3/16/2015,7.25,7.25,7.23,7.23,7,1110
3/17/2015,7.03,7.35,7.03,7.23,7,1940
3/18/2015,7.23,7.28,7.02,7.28,7.05,1320
3/19/2015,7.28,7.28,7.28,7.28,7.05,70
3/24/2015,7.07,7.2,7.07,7.08,6.85,1790
3/25/2015,7.27,7.28,7.27,7.28,7.05,430
3/26/2015,7.28,7.28,7.27,7.27,7.04,420
3/30/2015,7.27,7.27,7.27,7.27,7.04,10
3/31/2015,7.1,7.1,7.1,7.1,6.87,1100
4/1/2015,7.1,7.1,7,7.1,6.87,3870
4/2/2015,7.24,7.24,7,7,6.77,2000
4/3/2015,7.2,7.2,7,7,6.77,4190
4/6/2015,7,7,6.92,6.92,6.69,1210
4/7/2015,7,7,6.92,6.95,6.72,5570
4/8/2015,7.14,7.14,7.14,7.14,6.91,100
4/10/2015,6.95,7.14,6.94,6.94,6.71,12580
4/13/2015,6.94,6.94,6.94,6.94,6.71,3010
4/14/2015,7,7,7,7,6.77,350
4/15/2015,7,7,6.91,7,6.77,1420
4/16/2015,7.14,7.14,7.14,7.14,6.91,10
4/17/2015,7,7,7,7,6.77,1080
4/20/2015,7,7,7,7,6.77,5000
4/21/2015,6.99,7,6.99,7,6.77,1150
4/22/2015,6.99,7,6.99,7,6.77,1750
4/23/2015,7.03,7.23,7.03,7.19,6.96,5930
4/24/2015,7.3,7.35,7.03,7.2,6.97,9120
4/27/2015,7.2,7.35,7.2,7.2,6.97,48610
4/28/2015,7.21,7.21,7.1,7.21,6.98,17340
4/29/2015,7.2,7.3,7.2,7.2,6.97,4370
4/30/2015,7.11,7.11,7.11,7.11,6.88,200
5/4/2015,7.1,7.1,7.08,7.08,6.85,10000
5/5/2015,7.08,7.08,7.08,7.08,6.85,6500
5/6/2015,7.07,7.2,7,7.2,6.97,3440
5/7/2015,7.2,7.2,7,7.14,6.91,23740
5/8/2015,7.18,7.18,6.99,7.18,6.95,70
5/11/2015,7.19,7.19,6.97,7,6.77,6110
5/13/2015,7.09,7.09,6.92,7.09,6.86,750
5/14/2015,7.08,7.09,6.95,7,6.77,19680
5/15/2015,7,7,6.95,6.95,6.72,400
5/18/2015,6.82,6.95,6.82,6.95,6.72,850
5/19/2015,6.9,7.05,6.9,7.05,6.82,6270
5/20/2015,7,7,6.95,7,6.77,2520
5/21/2015,7.15,7.15,6.95,7.15,6.92,6650
5/25/2015,7.15,7.15,7.15,7.15,6.92,2000
5/26/2015,7.15,7.19,7,7.19,6.96,1960
5/27/2015,7.19,7.19,7.19,7.19,6.96,40
5/28/2015,7.15,7.19,7.15,7.19,6.96,2520
5/29/2015,7.19,7.19,7.19,7.19,6.96,2000
6/1/2015,6.99,7.15,6.98,7.15,6.92,3820
6/2/2015,6.98,7.13,6.98,7.13,6.9,2080
6/3/2015,7.17,7.2,7.17,7.17,6.94,4110
6/4/2015,7.17,7.28,7.17,7.28,7.05,80
6/8/2015,7.1,7.2,7.1,7.2,6.97,120
6/10/2015,7,7,7,7,6.77,150
6/11/2015,6.12,6.12,6.12,6.12,5.89,190
6/12/2015,6.02,6.29,6.02,6.12,5.89,3270
6/15/2015,6.2,6.2,6.2,6.2,5.97,20
6/17/2015,6.11,6.2,6.11,6.2,5.97,3800
6/18/2015,6.34,6.34,6.11,6.11,5.88,720
6/19/2015,6.27,6.27,6.02,6.27,6.04,670
6/22/2015,6.11,6.11,6.11,6.11,5.88,5200
6/23/2015,6.11,6.11,6.11,6.11,5.88,420
6/24/2015,6.11,6.11,6.11,6.11,5.88,4950
6/25/2015,6.11,6.11,6.11,6.11,5.88,550
6/29/2015,6.11,6.11,5.93,6.11,5.88,3490
6/30/2015,6.11,6.11,5.98,5.98,5.75,110
7/1/2015,5.94,6.11,5.94,6.11,5.88,2620
7/2/2015,6.11,6.11,6.11,6.11,5.88,220
7/3/2015,6.02,6.1,5.98,6.09,5.86,290
7/6/2015,6.2,6.2,6.2,6.2,5.97,870
7/7/2015,6,6.11,6,6.11,5.88,1210
7/8/2015,6.08,6.09,6.08,6.08,5.85,2140
7/9/2015,6.07,6.07,5.94,6.07,5.84,1200
7/10/2015,6.06,6.06,5.98,5.98,5.75,1350
7/13/2015,5.98,6.02,5.98,6.02,5.82,170
7/14/2015,6.01,6.01,6.01,6.01,5.81,110
7/15/2015,5.94,5.94,5.94,5.94,5.74,630
7/16/2015,5.94,5.94,5.94,5.94,5.74,460
7/20/2015,5.94,5.94,5.94,5.94,5.74,540
7/21/2015,5.94,5.98,5.85,5.98,5.78,2640
7/23/2015,5.98,5.98,5.85,5.98,5.78,6090
7/24/2015,5.97,5.98,5.97,5.98,5.78,1230
7/28/2015,5.94,5.94,5.94,5.94,5.74,440
7/30/2015,5.76,5.94,5.76,5.77,5.57,670
7/31/2015,5.94,5.94,5.94,5.94,5.74,720
8/4/2015,5.94,5.94,5.94,5.94,5.74,230
8/5/2015,5.94,5.94,5.77,5.92,5.72,1180
8/7/2015,5.89,5.89,5.89,5.89,5.69,440
8/10/2015,5.91,5.91,5.88,5.88,5.68,3040
8/11/2015,5.89,5.89,5.89,5.89,5.69,330
8/12/2015,5.9,5.9,5.9,5.9,5.7,10
8/14/2015,5.9,5.9,5.9,5.9,5.7,440
8/17/2015,5.89,5.89,5.89,5.89,5.69,10
8/18/2015,5.89,5.93,5.89,5.93,5.73,1870
8/19/2015,5.93,5.94,5.81,5.93,5.73,8200
8/20/2015,5.93,5.94,5.77,5.77,5.57,710
8/21/2015,5.77,5.93,5.77,5.78,5.58,390
8/24/2015,5.89,5.94,5.76,5.94,5.74,1630
8/26/2015,5.94,5.94,5.93,5.93,5.73,270
8/27/2015,5.94,5.94,5.85,5.85,5.65,250
8/28/2015,5.85,5.85,5.85,5.85,5.65,150
9/1/2015,6.02,6.02,5.72,6.02,5.82,1320
9/2/2015,6,6,5.94,5.94,5.74,1680
9/3/2015,5.76,5.97,5.76,5.76,5.56,330
9/4/2015,5.72,5.72,5.67,5.67,5.47,500
9/7/2015,5.67,5.67,5.59,5.59,5.39,330
9/8/2015,5.59,5.59,5.59,5.59,5.39,220
9/9/2015,5.57,5.57,5.57,5.57,5.37,110
9/10/2015,5.57,5.57,5.56,5.56,5.36,440
9/11/2015,5.5,5.5,5.5,5.5,5.3,440
9/14/2015,5.5,5.56,5.41,5.56,5.36,2860
9/16/2015,5.5,5.5,5.41,5.5,5.3,10390
9/17/2015,5.5,5.56,5.5,5.54,5.34,1660
9/18/2015,5.55,5.67,5.55,5.67,5.47,4140
9/21/2015,5.72,5.72,5.72,5.72,5.52,130
9/30/2015,5.65,5.72,5.65,5.72,5.52,1590
10/1/2015,5.84,6.02,5.84,5.84,5.64,5130
10/2/2015,6.01,6.01,6.01,6.01,5.81,110
10/12/2015,5.75,5.94,5.75,5.94,5.74,400
10/13/2015,6.01,6.01,5.89,5.99,5.79,390
10/16/2015,5.85,5.99,5.85,5.99,5.79,350
10/19/2015,5.89,5.89,5.89,5.89,5.69,110
10/20/2015,5.89,5.89,5.85,5.85,5.65,1520
10/21/2015,5.85,5.85,5.85,5.85,5.65,220
10/22/2015,5.76,5.76,5.76,5.76,5.56,100
10/23/2015,5.76,5.76,5.76,5.76,5.56,60
10/27/2015,5.76,5.84,5.76,5.84,5.64,560
10/29/2015,5.81,5.81,5.81,5.81,5.61,110
10/30/2015,5.8,5.8,5.8,5.8,5.6,30
11/2/2015,5.8,5.8,5.76,5.76,5.56,450
11/4/2015,5.67,5.67,5.67,5.67,5.47,70
11/5/2015,5.42,5.69,5.35,5.69,5.49,510
11/6/2015,5.53,5.53,5.53,5.53,5.33,110
11/9/2015,5.53,5.53,5.53,5.53,5.33,90
11/10/2015,5.37,5.37,5.37,5.37,5.17,330
11/11/2015,5.21,5.36,5.21,5.36,5.16,100
11/12/2015,5.21,5.35,5.2,5.35,5.15,300
11/13/2015,5.19,5.34,5.19,5.19,4.99,980
11/16/2015,5.05,5.24,5.05,5.24,5.04,290
11/17/2015,5.08,5.08,5.08,5.08,4.88,220
11/18/2015,5.02,5.02,5.02,5.02,4.82,460
11/19/2015,5.02,5.02,4.87,4.87,4.67,1080
11/20/2015,4.77,4.8,4.73,4.8,4.6,830
11/23/2015,4.8,4.8,4.8,4.8,4.6,10
11/24/2015,4.8,4.8,4.8,4.8,4.6,490
11/27/2015,4.8,4.8,4.8,4.8,4.6,10
11/30/2015,4.8,4.8,4.63,4.63,4.43,1310
12/1/2015,4.75,4.76,4.63,4.63,4.43,770
12/2/2015,4.63,4.63,4.63,4.63,4.43,720
12/3/2015,4.63,4.63,4.59,4.59,4.39,300
12/4/2015,4.5,4.5,4.46,4.46,4.26,820
12/7/2015,4.46,4.46,4.44,4.44,4.24,1380
12/8/2015,4.45,4.45,4.32,4.44,4.24,790
12/9/2015,4.31,4.31,4.3,4.3,4.1,550
12/10/2015,4.41,4.54,4.37,4.44,4.24,27600
12/11/2015,4.57,4.57,4.44,4.44,4.24,3520
12/14/2015,4.54,4.54,4.44,4.44,4.24,1000
12/15/2015,4.56,4.56,4.37,4.37,4.17,5690
12/16/2015,4.37,4.37,4.25,4.25,4.05,2410
12/17/2015,4.37,4.37,4.32,4.37,4.17,6750
12/18/2015,4.45,4.45,4.37,4.37,4.17,100
12/21/2015,4.27,4.39,4.27,4.37,4.17,5060
12/22/2015,4.37,4.37,4.37,4.37,4.17,550
12/23/2015,4.37,4.37,4.28,4.28,4.08,3080
12/25/2015,4.4,4.4,4.4,4.4,4.2,390
12/28/2015,4.4,4.4,4.39,4.4,4.2,12230
12/29/2015,4.4,4.4,4.4,4.4,4.2,7290
12/30/2015,4.4,4.42,4.29,4.29,4.09,1150
12/31/2015,4.39,4.52,4.28,4.52,4.32,3100
1/4/2016,4.71,4.79,4.71,4.79,4.59,5170
1/5/2016,4.93,5.07,4.93,5.07,4.87,5940
1/6/2016,5.22,5.24,5.07,5.07,4.87,3790
1/7/2016,5.22,5.22,5.05,5.2,5,1900
1/8/2016,5.2,5.2,5.05,5.2,5,1760
1/11/2016,5.21,5.23,5.21,5.21,5.01,1630
1/12/2016,5.21,5.35,5.06,5.33,5.13,5050
1/13/2016,5.34,5.34,5.33,5.33,5.13,1350
1/15/2016,5.24,5.24,5.21,5.22,5.02,11880
1/18/2016,5.22,5.24,5.22,5.24,5.04,460
1/19/2016,5.15,5.21,5.15,5.21,5.01,16720
1/20/2016,5.15,5.19,5.15,5.19,4.99,220
1/21/2016,5.19,5.24,5.19,5.19,4.99,1510
1/22/2016,5.19,5.19,5.15,5.15,4.95,67740
1/26/2016,5.15,5.15,5.15,5.15,4.95,16500
1/27/2016,5.06,5.06,4.98,4.98,4.78,28270
1/28/2016,4.98,5.12,4.83,5.12,4.92,18240
1/29/2016,4.83,5.12,4.83,5.12,4.92,4760
2/1/2016,5.06,5.06,4.84,4.84,4.64,14360
2/2/2016,4.89,4.89,4.71,4.71,4.51,170
2/3/2016,4.71,4.85,4.57,4.84,4.64,8010
2/4/2016,4.89,4.89,4.85,4.85,4.65,1050
2/5/2016,4.84,4.89,4.84,4.89,4.69,2130
2/8/2016,4.75,4.75,4.75,4.75,4.55,550
2/9/2016,4.89,4.98,4.89,4.98,4.78,550
2/11/2016,4.97,4.97,4.76,4.76,4.56,390
2/12/2016,4.87,4.87,4.87,4.87,4.67,110
2/17/2016,4.73,4.73,4.73,4.73,4.53,60
2/19/2016,4.67,4.67,4.59,4.59,4.39,1520
2/22/2016,4.67,4.67,4.67,4.67,4.47,90
2/23/2016,4.53,4.66,4.53,4.53,4.33,90
2/24/2016,4.52,4.52,4.52,4.52,4.32,3380
2/25/2016,4.39,4.39,4.39,4.39,4.19,720
2/26/2016,4.28,4.28,4.27,4.27,4.07,1400
2/29/2016,4.32,4.4,4.32,4.37,4.17,27700
3/1/2016,4.36,4.36,4.23,4.35,4.15,4180
3/2/2016,4.24,4.36,4.24,4.36,4.16,2210
3/3/2016,4.31,4.36,4.23,4.23,4.03,21160
3/4/2016,4.27,4.27,4.27,4.27,4.07,2200
3/7/2016,4.27,4.28,4.27,4.27,4.07,1500
3/8/2016,4.31,4.34,4.31,4.33,4.13,2000
3/10/2016,4.34,4.34,4.27,4.27,4.07,1140
3/11/2016,4.28,4.34,4.15,4.3,4.1,1600
3/14/2016,4.37,4.37,4.36,4.37,4.17,21200
3/17/2016,4.26,4.26,4.23,4.23,4.03,1460
3/18/2016,4.26,4.26,4.2,4.2,4,270
3/21/2016,4.26,4.26,4.14,4.24,4.04,3050
3/22/2016,4.28,4.28,4.24,4.24,4.04,1000
3/23/2016,4.2,4.2,4.12,4.12,3.92,190
3/24/2016,4.24,4.24,4,4.24,4.04,4270
3/25/2016,4.12,4.24,4.12,4.12,3.92,830
3/28/2016,4.12,4.15,4.12,4.12,3.92,810
3/29/2016,4.19,4.19,4.07,4.11,3.91,880
3/30/2016,4.02,4.23,4.02,4.19,3.99,3470
3/31/2016,4.23,4.23,4.23,4.23,4.03,10
4/1/2016,4.28,4.28,4.23,4.28,4.08,120
4/4/2016,4.23,4.23,4.23,4.23,4.03,110
4/11/2016,4.11,4.11,4.11,4.11,3.91,0
4/12/2016,4.02,4.02,3.99,3.99,3.79,14250
4/13/2016,4.09,4.09,3.97,3.97,3.77,3030
4/14/2016,3.93,3.93,3.86,3.86,3.66,10910
4/15/2016,3.77,3.85,3.67,3.67,3.47,11200
4/18/2016,3.67,3.67,3.56,3.67,3.47,4570
4/19/2016,3.74,3.74,3.74,3.74,3.54,0
4/20/2016,3.82,3.82,3.71,3.79,3.59,870
4/21/2016,3.68,3.86,3.68,3.86,3.66,2420
4/22/2016,3.86,4.02,3.75,4.02,3.82,45470
4/25/2016,4.14,4.27,4.13,4.25,4.05,20810
4/26/2016,4.37,4.5,4.24,4.41,4.21,18550
4/27/2016,4.41,4.41,4.28,4.28,4.08,1380
4/28/2016,4.09,4.22,4.09,4.19,3.99,13120
4/29/2016,4.02,4.09,3.86,3.86,3.66,4030
5/2/2016,3.75,3.85,3.66,3.84,3.64,2180
5/3/2016,3.83,3.95,3.83,3.84,3.64,3090
5/4/2016,3.95,3.95,3.75,3.75,3.55,2590
5/5/2016,3.65,3.87,3.54,3.84,3.64,6740
5/6/2016,3.84,3.84,3.75,3.83,3.63,1190
5/9/2016,3.75,3.83,3.62,3.82,3.62,3200
5/10/2016,3.83,3.83,3.72,3.72,3.52,350
5/11/2016,3.83,3.83,3.67,3.81,3.61,760
5/12/2016,3.69,3.69,3.69,3.69,3.49,390
5/13/2016,3.73,3.73,3.62,3.62,3.42,1640
5/16/2016,3.61,3.69,3.54,3.61,3.41,1620
5/17/2016,3.61,3.61,3.58,3.58,3.38,4730
5/18/2016,3.57,3.57,3.51,3.57,3.37,14030
5/19/2016,3.51,3.51,3.49,3.49,3.29,940
5/20/2016,3.46,3.49,3.39,3.39,3.19,1330
5/23/2016,3.48,3.51,3.4,3.4,3.2,3850
5/24/2016,3.5,3.51,3.4,3.49,3.29,950
5/25/2016,3.49,3.49,3.39,3.47,3.27,2150
5/26/2016,3.34,3.44,3.34,3.44,3.24,300
5/27/2016,3.3,3.42,3.29,3.29,3.09,2470
5/30/2016,3.39,3.46,3.32,3.41,3.21,2020
5/31/2016,3.46,3.46,3.41,3.41,3.21,610
6/1/2016,3.41,3.41,3.27,3.31,3.11,1340
6/2/2016,3.35,3.36,3.23,3.35,3.15,3250
6/3/2016,3.23,3.3,3.12,3.29,3.09,2760
6/6/2016,3.3,3.31,3.3,3.31,3.11,220
6/7/2016,3.31,3.31,3.31,3.31,3.11,720
6/8/2016,3.28,3.28,3.28,3.28,3.08,10
6/9/2016,3.2,3.26,3.19,3.26,3.06,3950
6/10/2016,3.19,3.28,3.19,3.27,3.07,1760
6/13/2016,3.27,3.29,3.26,3.29,3.09,1920
6/14/2016,3.2,3.37,3.2,3.37,3.17,8170
6/15/2016,3.36,3.37,3.36,3.37,3.17,350
6/16/2016,3.29,3.45,3.29,3.29,3.09,4700
6/17/2016,3.44,3.44,3.44,3.44,3.24,2230
6/20/2016,3.43,3.43,3.42,3.42,3.22,12310
6/21/2016,3.38,3.38,3.32,3.38,3.18,2120
6/22/2016,3.29,3.38,3.29,3.38,3.18,5720
6/23/2016,3.26,3.33,3.26,3.33,3.13,2110
6/24/2016,3.28,3.28,3.25,3.28,3.08,5750
6/27/2016,3.25,3.33,3.25,3.33,3.13,2080
6/28/2016,3.25,3.33,3.25,3.33,3.13,13050
7/1/2016,3.27,3.33,3.27,3.33,3.13,1800
7/8/2016,3.37,3.37,3.33,3.33,3.13,2310
7/11/2016,3.37,3.46,3.37,3.46,3.26,690
7/12/2016,3.39,3.39,3.39,3.39,3.19,120
7/13/2016,3.29,3.42,3.25,3.42,3.22,5900
7/14/2016,3.52,3.52,3.52,3.52,3.32,700
7/15/2016,3.46,3.46,3.46,3.46,3.26,800
7/18/2016,3.39,3.42,3.39,3.42,3.27,520
7/19/2016,3.42,3.42,3.42,3.42,3.27,1280
7/20/2016,3.42,3.42,3.42,3.42,3.27,2250
7/21/2016,3.42,3.45,3.42,3.45,3.3,1180
7/22/2016,3.46,3.46,3.38,3.46,3.31,1090
7/26/2016,3.46,3.46,3.38,3.38,3.23,670
7/27/2016,3.46,3.46,3.37,3.37,3.22,2080
7/28/2016,3.5,3.5,3.42,3.42,3.27,1500
7/29/2016,3.39,3.42,3.38,3.42,3.27,730
8/1/2016,3.42,3.42,3.42,3.42,3.27,200
8/2/2016,3.37,3.37,3.37,3.37,3.22,350
8/3/2016,3.28,3.46,3.27,3.46,3.31,4530
8/9/2016,3.36,3.36,3.36,3.36,3.21,1500
8/10/2016,3.3,3.3,3.3,3.3,3.15,170
8/11/2016,3.31,3.31,3.31,3.31,3.16,810
8/12/2016,3.28,3.28,3.28,3.28,3.13,2350
8/15/2016,3.36,3.36,3.36,3.36,3.21,350
8/16/2016,3.36,3.36,3.36,3.36,3.21,8200
8/17/2016,3.36,3.44,3.36,3.44,3.29,1710
8/18/2016,3.46,3.46,3.46,3.46,3.31,240
8/22/2016,3.45,3.45,3.45,3.45,3.3,380
8/23/2016,3.27,3.27,3.27,3.27,3.12,740
8/24/2016,3.27,3.27,3.27,3.27,3.12,90
8/25/2016,3.31,3.31,3.21,3.21,3.06,450
8/26/2016,3.29,3.29,3.25,3.25,3.1,1780
8/29/2016,3.29,3.29,3.29,3.29,3.14,60
8/30/2016,3.29,3.29,3.29,3.29,3.14,120
8/31/2016,3.2,3.29,3.2,3.29,3.14,50
9/1/2016,3.39,3.39,3.39,3.39,3.24,250
9/9/2016,3.29,3.39,3.29,3.32,3.17,2600
9/19/2016,3.38,3.38,3.38,3.38,3.23,1160
9/23/2016,3.13,3.22,3.13,3.14,2.99,5870
9/26/2016,3.22,3.22,3.06,3.22,3.07,90
9/27/2016,3.22,3.22,3.22,3.22,3.07,200
9/28/2016,3.18,3.18,3.18,3.18,3.03,120
9/29/2016,3.23,3.27,3.08,3.08,2.93,3140
9/30/2016,3.17,3.19,3.08,3.08,2.93,4020
10/4/2016,3.08,3.08,3,3,2.85,7670
10/5/2016,2.99,3.07,2.94,3.07,2.92,300
10/6/2016,3.1,3.1,3.1,3.1,2.95,50
10/7/2016,3.1,3.1,2.96,2.96,2.81,720
10/10/2016,3.05,3.05,2.87,3.04,2.89,26330
10/11/2016,3.05,3.21,3.04,3.21,3.06,7760
10/12/2016,3.25,3.32,3.2,3.32,3.17,28500
10/13/2016,3.35,3.41,3.29,3.36,3.21,18330
10/14/2016,3.42,3.42,3.32,3.36,3.21,3510
10/17/2016,3.42,3.45,3.36,3.45,3.3,280
10/18/2016,3.45,3.45,3.38,3.38,3.23,350
10/19/2016,3.37,3.37,3.29,3.36,3.21,14250
10/20/2016,3.37,3.37,3.27,3.33,3.18,2110
10/21/2016,3.27,3.27,3.27,3.27,3.12,1410
10/24/2016,3.2,3.29,3.2,3.29,3.14,660
10/25/2016,3.21,3.29,3.21,3.29,3.14,1160
10/27/2016,3.29,3.32,3.22,3.22,3.07,1230
10/28/2016,3.31,3.31,3.21,3.31,3.16,450
11/8/2016,3.25,3.4,3.25,3.38,3.23,15450
11/9/2016,3.39,3.39,3.28,3.28,3.13,8310
11/10/2016,3.19,3.24,3.19,3.24,3.09,650
11/11/2016,3.19,3.19,3.16,3.16,3.01,2680
11/14/2016,3.14,3.14,3.07,3.13,2.98,21570
11/15/2016,3.16,3.16,3.05,3.07,2.92,4800
11/16/2016,3.04,3.16,2.99,3.03,2.88,17200
11/17/2016,2.99,3.09,2.99,3.03,2.88,15390
11/18/2016,3.03,3.03,2.96,3.03,2.88,3470
11/22/2016,3.07,3.07,3.03,3.03,2.88,560
11/23/2016,2.95,2.95,2.95,2.95,2.8,430
11/24/2016,2.94,2.95,2.94,2.95,2.8,4790
11/25/2016,2.95,2.95,2.95,2.95,2.8,4970
11/28/2016,2.95,2.95,2.95,2.95,2.8,1540
11/29/2016,2.89,2.9,2.87,2.9,2.75,9730
11/30/2016,2.94,2.94,2.86,2.86,2.71,2120
12/1/2016,2.82,2.86,2.82,2.86,2.71,580
12/2/2016,2.83,2.86,2.82,2.86,2.71,580
12/5/2016,2.8,2.86,2.79,2.86,2.71,2430
12/6/2016,2.81,2.84,2.78,2.84,2.69,6760
12/8/2016,2.76,2.84,2.76,2.84,2.69,2670
12/13/2016,2.79,2.82,2.77,2.82,2.67,1120
12/14/2016,2.76,2.76,2.76,2.76,2.61,200
12/15/2016,2.7,2.74,2.64,2.74,2.59,6260
12/16/2016,2.72,2.78,2.72,2.78,2.63,16820
12/19/2016,2.82,2.9,2.82,2.9,2.75,25660
12/20/2016,2.9,2.9,2.81,2.9,2.75,15760
12/21/2016,2.9,2.99,2.9,2.99,2.84,1360
12/22/2016,3.03,3.03,2.94,2.94,2.79,3050
12/23/2016,2.88,2.9,2.87,2.9,2.75,1970
12/26/2016,2.9,2.9,2.9,2.9,2.75,120
12/27/2016,2.83,2.83,2.81,2.81,2.66,1570
12/28/2016,2.89,2.89,2.74,2.81,2.66,1540
12/29/2016,2.81,2.81,2.74,2.81,2.66,4600
12/30/2016,2.81,2.9,2.81,2.9,2.75,15210
1/2/2017,2.91,2.94,2.91,2.94,2.79,230
1/3/2017,2.94,2.94,2.94,2.94,2.79,50
1/4/2017,2.89,2.9,2.86,2.86,2.71,3520
1/5/2017,2.85,2.86,2.85,2.86,2.71,4230
1/6/2017,2.83,2.83,2.82,2.82,2.67,3850
1/9/2017,2.81,2.99,2.81,2.94,2.79,143750
1/10/2017,3,3,2.94,2.94,2.79,17320
1/11/2017,2.93,2.93,2.86,2.86,2.71,3400
1/12/2017,2.82,2.98,2.81,2.88,2.73,24290
1/13/2017,2.82,2.94,2.82,2.86,2.71,7850
1/16/2017,2.83,2.91,2.82,2.86,2.71,8970
1/17/2017,2.82,2.92,2.82,2.86,2.71,11980
1/18/2017,2.85,2.86,2.85,2.86,2.71,11390
1/19/2017,2.85,2.93,2.85,2.93,2.78,12500
1/20/2017,2.92,2.94,2.86,2.94,2.79,37610
1/23/2017,2.94,2.94,2.86,2.9,2.75,7780
1/24/2017,2.89,2.9,2.86,2.86,2.71,5690
1/25/2017,2.89,2.89,2.86,2.86,2.71,3840
1/26/2017,2.89,2.89,2.82,2.84,2.69,5780
1/27/2017,2.84,2.86,2.77,2.77,2.62,4970
1/30/2017,2.77,2.77,2.77,2.77,2.62,3230
1/31/2017,2.76,2.77,2.74,2.74,2.59,1370
2/1/2017,2.77,2.81,2.74,2.81,2.66,3720
2/2/2017,2.89,2.89,2.89,2.89,2.74,0
2/3/2017,2.81,2.81,2.81,2.81,2.66,1590
2/6/2017,2.81,2.81,2.77,2.81,2.66,1480
2/7/2017,2.81,2.81,2.78,2.78,2.63,1630
2/8/2017,2.76,2.78,2.74,2.78,2.63,300
2/9/2017,2.85,2.85,2.75,2.75,2.6,4040
2/10/2017,2.73,2.77,2.72,2.76,2.61,10020
2/13/2017,2.73,2.77,2.73,2.77,2.62,690
2/14/2017,2.77,2.77,2.69,2.69,2.54,8150
2/15/2017,2.74,2.74,2.67,2.69,2.54,8680
2/16/2017,2.65,2.68,2.61,2.64,2.49,33030
2/17/2017,2.56,2.63,2.56,2.6,2.45,2230
2/20/2017,2.59,2.66,2.56,2.64,2.49,44800
2/21/2017,2.56,2.73,2.56,2.73,2.58,79400
2/22/2017,2.73,2.83,2.68,2.83,2.68,3870
2/24/2017,2.77,2.77,2.75,2.75,2.6,740
2/27/2017,2.68,2.77,2.68,2.76,2.61,16650
2/28/2017,2.76,2.8,2.76,2.8,2.65,4140
3/1/2017,2.75,2.75,2.72,2.74,2.59,3450
3/2/2017,2.81,2.81,2.73,2.73,2.58,41530
3/3/2017,2.73,2.74,2.73,2.74,2.59,19120
3/6/2017,2.77,2.77,2.71,2.72,2.57,9010
3/7/2017,2.72,2.77,2.7,2.77,2.62,7620
3/8/2017,2.69,2.69,2.69,2.69,2.54,10050
3/9/2017,2.75,2.75,2.68,2.68,2.53,6730
3/10/2017,2.67,2.67,2.61,2.61,2.46,3470
3/13/2017,2.61,2.73,2.6,2.73,2.58,39600
3/14/2017,2.76,2.76,2.76,2.76,2.61,30
3/15/2017,2.7,2.93,2.7,2.93,2.78,68060
3/16/2017,3.02,3.06,2.96,3.03,2.88,86770
3/17/2017,3.05,3.05,2.96,2.96,2.81,7040
3/21/2017,2.94,2.94,2.86,2.94,2.79,32100
3/22/2017,2.97,2.97,2.84,2.84,2.69,57200
3/23/2017,2.84,2.86,2.81,2.86,2.71,7240
3/24/2017,2.79,2.87,2.79,2.85,2.7,6680
3/27/2017,2.92,2.92,2.79,2.81,2.66,1380
3/28/2017,2.79,2.81,2.77,2.77,2.62,25910
3/29/2017,2.81,2.81,2.81,2.81,2.66,0
3/30/2017,2.74,2.81,2.74,2.81,2.66,2780
4/3/2017,2.74,2.85,2.74,2.85,2.7,860
4/4/2017,2.77,2.85,2.77,2.85,2.7,15220
4/5/2017,2.83,2.84,2.77,2.84,2.69,11200
4/6/2017,2.77,2.81,2.76,2.81,2.66,790
4/7/2017,2.81,2.81,2.81,2.81,2.66,1160
4/10/2017,2.74,2.76,2.66,2.76,2.61,870
4/11/2017,2.76,2.81,2.76,2.77,2.62,4280
4/12/2017,2.77,2.85,2.77,2.77,2.62,3500
4/13/2017,2.77,2.77,2.72,2.77,2.62,3480
4/14/2017,2.77,2.81,2.74,2.77,2.62,9970
4/17/2017,2.83,2.86,2.79,2.8,2.65,32550
4/18/2017,2.78,2.86,2.78,2.84,2.69,5510
4/19/2017,2.8,2.86,2.8,2.8,2.65,13730
4/20/2017,2.86,2.86,2.78,2.85,2.7,5330
4/21/2017,2.78,2.82,2.77,2.77,2.62,6390
4/24/2017,2.84,2.84,2.68,2.75,2.6,21620
4/25/2017,2.83,2.83,2.77,2.77,2.62,930
4/26/2017,2.71,2.84,2.69,2.84,2.69,8230
4/27/2017,2.76,2.81,2.76,2.81,2.66,230
4/28/2017,2.84,2.84,2.73,2.73,2.58,26110
5/2/2017,2.81,2.81,2.7,2.7,2.55,19560
5/3/2017,2.7,2.7,2.68,2.7,2.55,10790
5/4/2017,2.78,2.78,2.7,2.78,2.63,3860
5/5/2017,2.81,2.81,2.81,2.81,2.66,290
5/8/2017,2.77,2.81,2.76,2.81,2.66,820
5/9/2017,2.79,2.81,2.77,2.81,2.66,4980
5/10/2017,2.81,2.81,2.81,2.81,2.66,4390
5/11/2017,2.82,2.82,2.81,2.81,2.66,1200
5/12/2017,2.81,2.81,2.81,2.81,2.66,2270
5/15/2017,2.81,2.81,2.78,2.81,2.66,960
5/16/2017,2.77,2.81,2.76,2.81,2.66,4510
5/17/2017,2.81,2.81,2.77,2.77,2.62,570
5/18/2017,2.75,2.75,2.74,2.74,2.59,5110
5/19/2017,2.77,2.77,2.74,2.75,2.6,5580
5/22/2017,2.75,2.76,2.73,2.76,2.61,5210
5/24/2017,2.73,2.76,2.72,2.76,2.61,5050
5/25/2017,2.76,2.76,2.76,2.76,2.61,10
5/26/2017,2.76,2.81,2.76,2.81,2.66,1750
5/29/2017,2.81,2.81,2.75,2.81,2.66,890
5/30/2017,2.76,2.81,2.76,2.81,2.66,130
5/31/2017,2.77,2.81,2.77,2.81,2.66,380
6/1/2017,2.77,2.81,2.77,2.81,2.66,1160
6/2/2017,2.77,2.81,2.77,2.81,2.66,340
6/5/2017,2.81,2.81,2.73,2.77,2.62,550
6/6/2017,2.69,2.8,2.69,2.77,2.62,1560
6/7/2017,2.8,2.8,2.74,2.77,2.62,610
6/8/2017,2.77,2.77,2.76,2.76,2.61,670
6/9/2017,2.76,2.76,2.76,2.76,2.61,1300
6/12/2017,2.73,2.74,2.73,2.73,2.58,1330
6/13/2017,2.48,2.5,2.48,2.5,2.35,910
6/14/2017,2.49,2.49,2.47,2.49,2.34,1920
6/15/2017,2.49,2.49,2.49,2.49,2.34,440
6/16/2017,2.49,2.5,2.49,2.5,2.35,470
6/19/2017,2.48,2.5,2.44,2.5,2.35,2120
6/20/2017,2.49,2.49,2.49,2.49,2.34,710
6/21/2017,2.49,2.49,2.48,2.48,2.33,1070
6/22/2017,2.49,2.49,2.48,2.49,2.34,2160
6/23/2017,2.49,2.49,2.48,2.49,2.34,1470
6/28/2017,2.51,2.51,2.49,2.5,2.35,2330
6/29/2017,2.49,2.5,2.49,2.5,2.35,240
6/30/2017,2.5,2.5,2.47,2.5,2.35,1080
7/3/2017,2.46,2.5,2.4,2.5,2.35,6420
7/4/2017,2.5,2.61,2.49,2.58,2.43,11140
7/5/2017,2.65,2.73,2.58,2.58,2.43,8950
7/6/2017,2.65,2.73,2.65,2.72,2.57,27200
7/7/2017,2.71,2.71,2.55,2.55,2.4,910
7/10/2017,2.6,2.6,2.55,2.6,2.45,3580
7/11/2017,2.58,2.58,2.51,2.55,2.4,8760
7/12/2017,2.5,2.55,2.49,2.54,2.39,6460
7/13/2017,2.49,2.49,2.44,2.45,2.27,7060
7/14/2017,2.44,2.45,2.38,2.45,2.27,3610
7/17/2017,2.45,2.45,2.42,2.42,2.24,1430
7/18/2017,2.37,2.38,2.35,2.35,2.17,3880
7/19/2017,2.35,2.35,2.34,2.35,2.17,3440
7/20/2017,2.35,2.35,2.29,2.29,2.11,700
7/21/2017,2.34,2.35,2.23,2.32,2.14,5930
7/24/2017,2.32,2.35,2.32,2.35,2.17,160
7/26/2017,2.34,2.35,2.34,2.35,2.17,4220
7/27/2017,2.34,2.34,2.27,2.33,2.15,740
7/28/2017,2.33,2.33,2.29,2.29,2.11,1400
7/31/2017,2.27,2.29,2.27,2.29,2.11,370
8/1/2017,2.29,2.29,2.25,2.25,2.07,590
8/2/2017,2.29,2.33,2.29,2.33,2.15,260
8/3/2017,2.27,2.28,2.27,2.28,2.1,1000
8/4/2017,2.28,2.34,2.28,2.34,2.16,2430
8/7/2017,2.34,2.37,2.34,2.34,2.16,1350
8/8/2017,2.34,2.41,2.27,2.27,2.09,9900
8/9/2017,2.33,2.33,2.33,2.33,2.15,20
8/10/2017,2.28,2.33,2.28,2.33,2.15,220
8/11/2017,2.28,2.28,2.28,2.28,2.1,530
8/14/2017,2.33,2.33,2.28,2.28,2.1,470
8/15/2017,2.29,2.29,2.23,2.27,2.09,1540
8/17/2017,2.23,2.27,2.23,2.27,2.09,20
8/18/2017,2.27,2.27,2.23,2.23,2.05,850
8/21/2017,2.23,2.23,2.2,2.23,2.05,2240
8/22/2017,2.19,2.23,2.18,2.18,2,500
8/23/2017,2.18,2.2,2.16,2.16,1.98,6750
8/24/2017,2.12,2.2,2.12,2.2,2.02,6940
8/25/2017,2.2,2.2,2.2,2.2,2.02,580
8/28/2017,2.16,2.2,2.15,2.2,2.02,2430
8/29/2017,2.2,2.26,2.2,2.26,2.08,3820
8/30/2017,2.27,2.27,2.27,2.27,2.09,10
9/4/2017,2.25,2.25,2.25,2.25,2.07,160
9/5/2017,2.25,2.25,2.25,2.25,2.07,580
9/6/2017,2.25,2.25,2.16,2.16,1.98,2430
9/7/2017,2.25,2.25,2.07,2.21,2.03,2810
9/8/2017,2.24,2.24,2.24,2.24,2.06,10
9/11/2017,2.18,2.24,2.18,2.24,2.06,2110
9/12/2017,2.21,2.21,2.21,2.21,2.03,420
9/13/2017,2.21,2.23,2.21,2.23,2.05,900
9/14/2017,2.23,2.23,2.21,2.23,2.05,610
9/15/2017,2.23,2.23,2.23,2.23,2.05,40
9/18/2017,2.16,2.22,2.16,2.22,2.04,2120
9/19/2017,2.21,2.3,2.21,2.3,2.12,10600
9/20/2017,2.33,2.4,2.33,2.33,2.15,12560
9/22/2017,2.35,2.35,2.29,2.29,2.11,24210
9/25/2017,2.29,2.29,2.25,2.26,2.08,8370
9/26/2017,2.23,2.25,2.21,2.25,2.07,2580
9/27/2017,2.26,2.26,2.21,2.25,2.07,1830
9/28/2017,2.2,2.26,2.2,2.25,2.07,500
9/29/2017,2.26,2.26,2.26,2.26,2.08,60
10/2/2017,2.21,2.21,2.2,2.2,2.02,1690
10/3/2017,2.18,2.18,2.17,2.17,1.99,5590
10/4/2017,2.21,2.23,2.21,2.23,2.05,410
10/5/2017,2.21,2.21,2.21,2.21,2.03,230
10/6/2017,2.27,2.27,2.27,2.27,2.09,60
10/10/2017,2.31,2.31,2.31,2.31,2.13,0
10/12/2017,2.24,2.24,2.24,2.24,2.06,10
10/13/2017,2.18,2.24,2.18,2.18,2,1050
10/16/2017,2.24,2.24,2.2,2.24,2.06,5730
10/17/2017,2.24,2.24,2.24,2.24,2.06,2010
10/18/2017,2.23,2.24,2.23,2.24,2.06,530
10/19/2017,2.19,2.24,2.19,2.24,2.06,1220
10/20/2017,2.18,2.24,2.18,2.24,2.06,120
10/23/2017,2.24,2.24,2.18,2.18,2,7630
10/24/2017,2.17,2.24,2.17,2.24,2.06,5610
10/25/2017,2.24,2.24,2.24,2.24,2.06,120
10/26/2017,2.18,2.31,2.16,2.31,2.13,28040
10/27/2017,2.35,2.42,2.35,2.38,2.2,5280
10/30/2017,2.38,2.38,2.31,2.32,2.14,2060
10/31/2017,2.29,2.39,2.29,2.39,2.21,6940
11/1/2017,2.4,2.53,2.39,2.53,2.35,44860
11/2/2017,2.6,2.6,2.53,2.55,2.37,42490
11/3/2017,2.55,2.59,2.54,2.55,2.37,28680
11/6/2017,2.59,2.59,2.59,2.59,2.41,30
11/7/2017,2.52,2.6,2.49,2.6,2.42,18910
11/8/2017,2.61,2.61,2.55,2.6,2.42,7650
11/9/2017,2.52,2.59,2.52,2.59,2.41,50
11/10/2017,2.59,2.59,2.52,2.55,2.37,1330
11/13/2017,2.55,2.55,2.55,2.55,2.37,110
11/14/2017,2.48,2.55,2.48,2.55,2.37,3680
11/15/2017,2.54,2.55,2.54,2.55,2.37,6460
11/16/2017,2.57,2.57,2.57,2.57,2.39,90
11/17/2017,2.55,2.56,2.51,2.51,2.33,15350
11/20/2017,2.55,2.55,2.55,2.55,2.37,40
11/21/2017,2.54,2.54,2.54,2.54,2.36,30
11/22/2017,2.57,2.57,2.57,2.57,2.39,10
11/24/2017,2.5,2.63,2.5,2.63,2.45,29120
11/27/2017,2.64,2.64,2.6,2.6,2.42,2570
11/28/2017,2.52,2.61,2.52,2.6,2.42,14790
11/29/2017,2.52,2.6,2.52,2.55,2.37,1950
11/30/2017,2.53,2.6,2.53,2.6,2.42,2960
12/4/2017,2.6,2.6,2.6,2.6,2.42,120
12/5/2017,2.6,2.61,2.6,2.6,2.42,5200
12/7/2017,2.6,2.6,2.6,2.6,2.42,30
12/8/2017,2.52,2.52,2.52,2.52,2.34,4440
12/11/2017,2.51,2.54,2.51,2.51,2.33,1340
12/12/2017,2.53,2.55,2.51,2.51,2.33,9030
12/13/2017,2.48,2.62,2.47,2.62,2.44,31460
12/14/2017,2.61,2.7,2.56,2.64,2.46,51120
12/15/2017,2.67,2.67,2.6,2.6,2.42,530
12/18/2017,2.68,2.68,2.53,2.6,2.42,880
12/19/2017,2.64,2.68,2.64,2.68,2.5,18320
12/20/2017,2.68,2.75,2.68,2.75,2.57,16870
12/21/2017,2.72,2.72,2.68,2.68,2.5,520
12/22/2017,2.74,2.76,2.73,2.73,2.55,20060
12/25/2017,2.68,2.68,2.68,2.68,2.5,460
12/26/2017,2.61,2.68,2.61,2.68,2.5,4290
12/27/2017,2.73,2.74,2.68,2.68,2.5,18080
12/28/2017,2.61,2.68,2.61,2.68,2.5,1620
12/29/2017,2.73,2.73,2.65,2.65,2.47,1400
1/2/2018,2.73,2.73,2.65,2.7,2.52,3140
1/3/2018,2.62,2.62,2.62,2.62,2.44,80
1/4/2018,2.62,2.68,2.62,2.68,2.5,7330
1/5/2018,2.61,2.61,2.61,2.61,2.43,2920
1/8/2018,2.6,2.6,2.6,2.6,2.42,1620
1/9/2018,2.63,2.63,2.57,2.57,2.39,3460
1/10/2018,2.55,2.55,2.55,2.55,2.37,90
1/11/2018,2.51,2.55,2.51,2.51,2.33,5540
1/12/2018,2.49,2.58,2.49,2.58,2.4,18420
1/15/2018,2.63,2.63,2.54,2.61,2.43,5300
1/16/2018,2.55,2.61,2.55,2.61,2.43,14640
1/17/2018,2.6,2.61,2.54,2.55,2.37,4150
1/18/2018,2.66,2.69,2.66,2.69,2.51,11060
1/19/2018,2.77,2.85,2.77,2.79,2.61,30850
1/22/2018,2.81,2.88,2.81,2.86,2.68,11670
1/23/2018,2.86,2.9,2.8,2.86,2.68,48480
1/24/2018,2.86,2.86,2.81,2.81,2.63,13810
1/25/2018,2.84,2.84,2.77,2.84,2.66,2160
1/29/2018,2.84,2.84,2.81,2.81,2.63,580
1/30/2018,2.76,2.76,2.76,2.76,2.58,1150
1/31/2018,2.71,2.76,2.71,2.73,2.55,3460
2/1/2018,2.73,2.73,2.65,2.65,2.47,4090
2/2/2018,2.65,2.72,2.6,2.72,2.54,6370
2/5/2018,2.72,2.8,2.72,2.77,2.59,1430
2/6/2018,2.77,2.77,2.69,2.76,2.58,1370
2/7/2018,2.68,2.68,2.68,2.68,2.5,270
2/8/2018,2.67,2.68,2.67,2.68,2.5,1670
2/9/2018,2.68,2.73,2.61,2.73,2.55,660
2/12/2018,2.73,2.73,2.65,2.65,2.47,2420
2/13/2018,2.61,2.61,2.6,2.6,2.42,3540
2/14/2018,2.6,2.68,2.59,2.68,2.5,14770
2/15/2018,2.61,2.67,2.61,2.67,2.49,600
2/16/2018,2.67,2.67,2.67,2.67,2.49,10
2/19/2018,2.67,2.68,2.61,2.67,2.49,2700
2/20/2018,2.61,2.67,2.61,2.67,2.49,6100
2/21/2018,2.61,2.67,2.61,2.67,2.49,950
2/22/2018,2.61,2.68,2.6,2.68,2.5,5920
2/23/2018,2.63,2.64,2.63,2.64,2.46,2860
2/26/2018,2.64,2.68,2.64,2.68,2.5,3650
2/27/2018,2.67,2.67,2.63,2.63,2.45,1320
2/28/2018,2.64,2.68,2.61,2.68,2.5,2460
3/1/2018,2.68,2.75,2.68,2.75,2.57,28610
3/2/2018,2.77,2.81,2.77,2.77,2.59,12720
3/5/2018,2.77,2.84,2.69,2.69,2.51,3650
3/6/2018,2.68,2.75,2.68,2.74,2.56,5320
3/7/2018,2.74,2.75,2.67,2.73,2.55,7700
3/8/2018,2.65,2.65,2.65,2.65,2.47,680
3/9/2018,2.73,2.73,2.66,2.66,2.48,3030
3/12/2018,2.68,2.68,2.64,2.68,2.5,1030
3/13/2018,2.74,2.74,2.66,2.68,2.5,350
3/14/2018,2.62,2.7,2.59,2.63,2.45,8450
3/15/2018,2.63,2.63,2.6,2.6,2.42,1620
3/16/2018,2.6,2.63,2.6,2.63,2.45,3990
3/19/2018,2.63,2.63,2.6,2.63,2.45,370
3/21/2018,2.6,2.6,2.6,2.6,2.42,2830
3/22/2018,2.62,2.68,2.6,2.68,2.5,10340
3/23/2018,2.68,2.68,2.68,2.68,2.5,20
3/26/2018,2.67,2.67,2.67,2.67,2.49,160
3/27/2018,2.66,2.67,2.6,2.6,2.42,11040
3/28/2018,2.61,2.67,2.61,2.67,2.49,6640
3/29/2018,2.62,2.78,2.62,2.77,2.59,105840
3/30/2018,2.79,2.86,2.77,2.85,2.67,12920
4/2/2018,2.84,2.84,2.77,2.77,2.59,12670
4/3/2018,2.81,2.82,2.69,2.69,2.51,13880
4/4/2018,2.76,2.77,2.75,2.76,2.58,11450
4/5/2018,2.77,2.77,2.74,2.74,2.56,5430
4/6/2018,2.75,2.75,2.7,2.7,2.52,6090
4/10/2018,2.7,2.7,2.68,2.69,2.51,6140
4/11/2018,2.69,2.69,2.65,2.68,2.5,7730
4/12/2018,2.68,2.68,2.68,2.68,2.5,1310
4/13/2018,2.68,2.76,2.68,2.76,2.58,33070
4/16/2018,2.81,2.88,2.76,2.86,2.68,9290
4/17/2018,2.84,2.84,2.84,2.84,2.66,170
4/18/2018,2.82,2.85,2.82,2.85,2.67,1620
4/19/2018,2.83,2.86,2.82,2.85,2.67,2670
4/20/2018,2.79,2.84,2.77,2.84,2.66,4620
4/23/2018,2.84,2.84,2.76,2.82,2.64,9860
4/24/2018,2.81,2.81,2.77,2.77,2.59,4220
4/25/2018,2.73,2.77,2.73,2.77,2.59,5960
4/26/2018,2.77,2.81,2.7,2.76,2.58,4470
4/27/2018,2.77,2.77,2.73,2.75,2.57,950
4/30/2018,2.75,2.77,2.73,2.76,2.58,3380
5/2/2018,2.81,2.93,2.81,2.93,2.75,67980
5/3/2018,3.03,3.1,3.03,3.1,2.92,139080
5/4/2018,3.24,3.24,3.1,3.15,2.97,49370
5/7/2018,3.2,3.2,3.11,3.12,2.94,3010
5/8/2018,3.08,3.17,3.03,3.17,2.99,16780
5/9/2018,3.14,3.14,3.09,3.09,2.91,4850
5/10/2018,3,3.13,3,3.1,2.92,5550
5/11/2018,3.13,3.13,3.03,3.1,2.92,2870
5/14/2018,3.07,3.07,3.01,3.06,2.88,30810
5/15/2018,3.04,3.13,3.04,3.13,2.95,5200
5/16/2018,3.14,3.22,3.14,3.17,2.99,34910
5/17/2018,3.19,3.19,3.08,3.15,2.97,2230
5/18/2018,3.09,3.16,3.07,3.13,2.95,10110
5/21/2018,3.13,3.13,3.13,3.13,2.95,120
5/22/2018,3.06,3.13,3.03,3.13,2.95,36700
5/23/2018,3.06,3.2,3.06,3.13,2.95,2430
5/24/2018,3.2,3.2,3.12,3.19,3.01,49420
5/25/2018,3.14,3.2,3.12,3.19,3.01,1160
5/28/2018,3.13,3.19,3.13,3.19,3.01,10
5/29/2018,3.13,3.2,3.12,3.19,3.01,8960
5/30/2018,3.23,3.24,3.21,3.21,3.03,1850
5/31/2018,3.13,3.2,3.12,3.2,3.02,9580
6/1/2018,3.19,3.19,3.1,3.16,2.98,6540
6/4/2018,3.16,3.24,3.16,3.22,3.04,8990
6/5/2018,3.13,3.2,3.13,3.2,3.02,660
6/7/2018,3.2,3.2,3.2,3.2,3.02,700
6/8/2018,3.2,3.23,3.2,3.2,3.02,3020
6/11/2018,3.13,3.2,3.12,3.2,3.02,1050
6/13/2018,3.19,3.23,3.13,3.13,2.95,4430
6/14/2018,3.16,3.16,3.16,3.16,2.98,1020
6/18/2018,3.2,3.23,3.2,3.2,3.02,2710
6/19/2018,3.2,3.2,3.2,3.2,3.02,120
6/20/2018,3.25,3.25,3.19,3.19,3.01,2270
6/21/2018,3.24,3.24,3.19,3.19,3.01,16620
6/22/2018,3.24,3.24,3.18,3.18,3,4490
6/25/2018,3.24,3.24,3.14,3.2,3.02,4230
6/26/2018,3.15,3.23,3.14,3.23,3.05,6580
6/27/2018,3.23,3.29,3.22,3.23,3.05,4730
6/28/2018,3.18,3.22,3.18,3.2,3.02,1650
6/29/2018,3.18,3.19,3.17,3.19,3.01,1500
7/2/2018,3.23,3.23,3.15,3.15,2.97,180
7/3/2018,3.17,3.17,3.13,3.17,2.99,2840
7/4/2018,3.2,3.23,3.19,3.2,3.02,6980
7/5/2018,3.13,3.13,3.13,3.13,2.95,50
7/6/2018,3.12,3.12,3.11,3.12,2.94,7630
7/10/2018,3.05,3.1,3.05,3.1,2.92,240
7/11/2018,3.04,3.04,3.04,3.04,2.84,560
7/12/2018,3.04,3.1,3.04,3.04,2.84,1130
7/13/2018,3.07,3.09,3.07,3.09,2.89,140
7/16/2018,2.93,3.01,2.93,3.01,2.81,8060
7/17/2018,3.01,3.08,3.01,3.08,2.88,14090
7/18/2018,3.1,3.1,3.08,3.08,2.88,6790
7/19/2018,3.08,3.17,3.08,3.16,2.96,21750
7/20/2018,3.16,3.16,3.12,3.14,2.94,7190
7/23/2018,3.17,3.26,3.09,3.14,2.94,12640
7/24/2018,3.18,3.18,3.1,3.18,2.98,470
7/26/2018,3.18,3.18,3.16,3.16,2.96,5940
7/27/2018,3.12,3.13,3.11,3.11,2.91,7050
7/30/2018,3.11,3.11,3.11,3.11,2.91,3100
7/31/2018,3.13,3.13,3.02,3.13,2.93,250
8/1/2018,3.13,3.13,3.05,3.05,2.85,2160
8/2/2018,3.13,3.13,3.05,3.05,2.85,2450
8/3/2018,3.01,3.01,3.01,3.01,2.81,3150
8/6/2018,3.13,3.13,2.96,2.96,2.76,670
8/7/2018,2.93,3.01,2.88,3.01,2.81,440
8/9/2018,2.88,2.92,2.88,2.88,2.68,3380
8/10/2018,2.94,2.94,2.88,2.88,2.68,5960
8/14/2018,2.94,2.94,2.94,2.94,2.74,90
8/15/2018,2.92,2.94,2.92,2.94,2.74,2470
8/16/2018,2.92,2.94,2.92,2.92,2.72,360
8/17/2018,2.92,2.94,2.92,2.94,2.74,16550
8/23/2018,3.01,3.01,3.01,3.01,2.81,60
8/27/2018,3.09,3.09,3.09,3.09,2.89,10
8/29/2018,3.01,3.01,3.01,3.01,2.81,610
8/30/2018,3.07,3.07,3.01,3.01,2.81,540
8/31/2018,3.07,3.09,2.92,3.09,2.89,38370
9/3/2018,3.01,3.09,3.01,3.09,2.89,25400
9/4/2018,3.02,3.02,3.01,3.01,2.81,370
9/5/2018,2.95,2.95,2.92,2.92,2.72,1380
9/6/2018,3.01,3.01,2.92,2.92,2.72,120
9/7/2018,2.88,2.88,2.82,2.88,2.68,7520
9/10/2018,2.92,2.92,2.79,2.79,2.59,11390
9/12/2018,2.71,2.75,2.64,2.75,2.55,12590
9/13/2018,2.75,2.75,2.67,2.74,2.54,3610
9/14/2018,2.7,2.75,2.7,2.75,2.55,780
9/17/2018,2.75,2.75,2.68,2.7,2.5,10690
9/18/2018,2.66,2.7,2.66,2.7,2.5,7890
9/19/2018,2.7,2.75,2.66,2.66,2.46,1350
9/20/2018,2.66,2.7,2.66,2.7,2.5,120
9/24/2018,2.66,2.75,2.64,2.75,2.55,1400
9/26/2018,2.82,2.89,2.74,2.88,2.68,900
9/27/2018,2.92,2.92,2.79,2.79,2.59,950
9/28/2018,2.83,2.83,2.71,2.71,2.51,9660
10/1/2018,2.7,2.78,2.64,2.78,2.58,46330
10/2/2018,2.77,2.77,2.7,2.75,2.55,18080
10/3/2018,2.7,2.7,2.7,2.7,2.5,60
10/4/2018,2.67,2.7,2.63,2.7,2.5,6310
10/5/2018,2.76,2.76,2.74,2.74,2.54,40
10/8/2018,2.66,2.75,2.66,2.75,2.55,2600
10/11/2018,2.71,2.71,2.67,2.67,2.47,1400
10/12/2018,2.66,2.66,2.66,2.66,2.46,10520
10/16/2018,2.64,2.7,2.64,2.7,2.5,290
10/18/2018,2.7,2.7,2.7,2.7,2.5,0
10/19/2018,2.7,2.77,2.7,2.77,2.57,18330
10/22/2018,2.78,2.84,2.78,2.82,2.62,1750
10/23/2018,2.84,2.84,2.84,2.84,2.64,370
10/24/2018,2.84,2.84,2.84,2.84,2.64,10
10/25/2018,2.79,2.79,2.79,2.79,2.59,60
10/26/2018,2.71,2.79,2.71,2.79,2.59,1060
10/29/2018,2.79,2.87,2.74,2.74,2.54,220
10/30/2018,2.75,2.82,2.75,2.82,2.62,120
10/31/2018,2.82,2.82,2.82,2.82,2.62,310
11/1/2018,2.75,2.75,2.75,2.75,2.55,0
11/6/2018,2.67,2.82,2.67,2.82,2.62,30
11/9/2018,2.75,2.75,2.75,2.75,2.55,150
11/12/2018,2.67,2.69,2.62,2.64,2.44,13340
11/13/2018,2.58,2.65,2.58,2.61,2.41,500
11/14/2018,2.64,2.69,2.59,2.69,2.49,5690
11/15/2018,2.73,2.73,2.62,2.73,2.53,500
11/16/2018,2.65,2.76,2.65,2.76,2.56,4190
11/21/2018,2.79,2.79,2.69,2.69,2.49,100
11/22/2018,2.76,2.76,2.66,2.76,2.56,520
11/23/2018,2.75,2.76,2.69,2.76,2.56,1350
11/26/2018,2.7,2.75,2.7,2.75,2.55,1400
11/27/2018,2.69,2.75,2.69,2.75,2.55,340
11/28/2018,2.7,2.7,2.7,2.7,2.5,170
11/29/2018,2.7,2.78,2.7,2.78,2.58,1340
11/30/2018,2.75,2.86,2.75,2.86,2.66,6750
12/3/2018,2.79,2.79,2.78,2.78,2.58,460
12/4/2018,2.76,2.86,2.76,2.85,2.65,1810
12/5/2018,2.79,2.88,2.79,2.88,2.68,3670
12/6/2018,2.79,2.86,2.79,2.86,2.66,3110
12/7/2018,2.86,2.86,2.78,2.86,2.66,1810
12/10/2018,2.88,2.88,2.79,2.87,2.67,200
12/11/2018,2.79,2.86,2.78,2.86,2.66,11120
12/12/2018,2.79,2.79,2.78,2.78,2.58,9230
12/13/2018,2.86,2.86,2.79,2.86,2.66,2330
12/14/2018,2.83,2.83,2.83,2.83,2.63,0
12/17/2018,2.78,2.83,2.78,2.83,2.63,2610
12/18/2018,2.8,2.8,2.79,2.79,2.59,5820
12/19/2018,2.77,2.79,2.75,2.79,2.59,3150
12/20/2018,2.79,2.83,2.79,2.83,2.63,410
12/21/2018,2.82,2.83,2.76,2.83,2.63,1460
12/24/2018,2.83,2.91,2.83,2.91,2.71,6590
12/25/2018,2.92,2.92,2.88,2.91,2.71,1170
12/26/2018,2.91,2.91,2.91,2.91,2.71,60
12/27/2018,2.89,2.89,2.89,2.89,2.69,3420
12/28/2018,2.88,2.94,2.88,2.94,2.74,12590
1/2/2019,2.85,2.96,2.85,2.92,2.72,530
1/3/2019,2.83,2.84,2.83,2.83,2.63,640
1/4/2019,2.91,2.91,2.83,2.9,2.7,6020
1/7/2019,2.92,3.01,2.9,3,2.8,16290
1/8/2019,3.01,3.09,2.93,3.08,2.88,16260
1/9/2019,3.09,3.18,3.08,3.17,2.97,8830
1/10/2019,3.22,3.22,3.17,3.21,3.01,2090
1/11/2019,3.22,3.22,3.07,3.08,2.88,7810
1/15/2019,3.13,3.13,3.04,3.04,2.84,5260
1/16/2019,3.03,3.04,3.01,3.04,2.84,780
1/17/2019,3.01,3.06,3.01,3.03,2.83,740
1/18/2019,3.06,3.06,3.06,3.06,2.86,80
1/21/2019,3.07,3.07,2.99,2.99,2.79,240
1/22/2019,2.99,3.07,2.96,3.07,2.87,5060
1/23/2019,3.07,3.07,3.07,3.07,2.87,580
1/24/2019,3.01,3.07,3.01,3.07,2.87,2690
1/25/2019,2.94,3.07,2.93,3.07,2.87,2740
1/28/2019,2.99,3.01,2.99,2.99,2.79,4790
1/29/2019,2.99,3.07,2.9,3.07,2.87,6580
1/31/2019,3.06,3.06,2.99,3.01,2.81,5970
2/1/2019,3.07,3.07,3,3,2.8,180
2/4/2019,3.07,3.07,2.91,2.98,2.78,2840
2/5/2019,2.98,3.01,2.96,3.01,2.81,3800
2/6/2019,2.99,2.99,2.99,2.99,2.79,130
2/7/2019,2.96,2.99,2.94,2.99,2.79,2430
2/8/2019,2.98,3.07,2.98,3.01,2.81,8990
2/11/2019,3.05,3.1,3.05,3.07,2.87,7910
2/12/2019,3.02,3.08,3.02,3.07,2.87,5270
2/13/2019,3.02,3.02,3.02,3.02,2.82,1870
2/14/2019,3.01,3.08,3.01,3.08,2.88,350
2/15/2019,3.02,3.08,3,3.08,2.88,4250
2/18/2019,3.01,3.09,3.01,3.09,2.89,540
2/19/2019,3.13,3.13,3.05,3.09,2.89,11810
2/20/2019,3.13,3.13,3.13,3.13,2.93,0
2/21/2019,3.13,3.31,3.09,3.31,3.11,177220
2/22/2019,3.39,3.51,3.38,3.51,3.31,151160
2/25/2019,3.67,3.72,3.67,3.72,3.52,27360
2/26/2019,3.88,3.94,3.88,3.94,3.74,136200
2/27/2019,3.95,4.17,3.94,3.98,3.78,87540
2/28/2019,3.98,4.2,3.86,4.12,3.92,141800
3/1/2019,4.21,4.21,4.09,4.13,3.93,24740
3/4/2019,4.21,4.21,4.09,4.12,3.92,34160
3/5/2019,4.12,4.2,4.1,4.16,3.96,27650
3/6/2019,4.16,4.21,4.09,4.16,3.96,27710
3/7/2019,4.16,4.4,4.13,4.39,4.19,137250
3/8/2019,4.39,4.52,4.26,4.38,4.18,38080
3/11/2019,4.38,4.38,4.25,4.35,4.15,23420
3/12/2019,4.36,4.36,4.22,4.27,4.07,20310
3/13/2019,4.29,4.29,4.16,4.25,4.05,61730
3/14/2019,4.25,4.25,4.16,4.21,4.01,24200
3/15/2019,4.24,4.24,4.16,4.21,4.01,20730
3/18/2019,4.12,4.2,4.12,4.12,3.92,1060
3/19/2019,4.13,4.24,4.13,4.24,4.04,6310
3/21/2019,4.14,4.22,4.14,4.18,3.98,10410
3/22/2019,4.15,4.22,4.09,4.22,4.02,12790
3/25/2019,4.24,4.24,4.14,4.21,4.01,4200
3/26/2019,4.21,4.33,4.12,4.28,4.08,28500
3/27/2019,4.34,4.46,4.29,4.29,4.09,65090
3/28/2019,4.36,4.44,4.34,4.34,4.14,9190
3/29/2019,4.29,4.29,4.28,4.28,4.08,640
4/1/2019,4.16,4.25,4.16,4.25,4.05,6570
4/2/2019,4.13,4.25,4.13,4.25,4.05,550
4/3/2019,4.21,4.36,4.21,4.36,4.16,8150
4/4/2019,4.35,4.35,4.32,4.33,4.13,3660
4/5/2019,4.32,4.32,4.2,4.29,4.09,4930
4/8/2019,4.29,4.33,4.29,4.33,4.13,2540
4/10/2019,4.21,4.3,4.21,4.3,4.1,1570
4/11/2019,4.21,4.43,4.2,4.41,4.21,52660
4/12/2019,4.45,4.45,4.32,4.33,4.13,5340
4/15/2019,4.44,4.44,4.38,4.38,4.18,350
4/16/2019,4.45,4.56,4.45,4.5,4.3,54010
4/17/2019,4.55,4.64,4.5,4.64,4.44,172100
4/18/2019,4.64,4.72,4.64,4.71,4.51,48420
4/19/2019,4.77,4.9,4.77,4.89,4.69,42470
4/22/2019,4.89,4.98,4.89,4.98,4.78,38580
4/23/2019,5.04,5.13,4.98,5.13,4.93,47250
4/24/2019,5.19,5.28,5.11,5.19,4.99,119380
4/25/2019,5.19,5.19,5.03,5.03,4.83,6320
4/26/2019,4.89,5.13,4.89,5.13,4.93,14880
4/29/2019,5.13,5.13,5.03,5.11,4.91,26410
4/30/2019,5.01,5.1,4.96,5.1,4.9,33830
5/2/2019,5.05,5.05,4.97,4.98,4.78,16500
5/3/2019,4.98,4.98,4.91,4.95,4.75,5530
5/6/2019,4.74,4.98,4.74,4.98,4.78,1140
5/7/2019,4.83,4.95,4.83,4.95,4.75,6820
5/8/2019,4.93,4.93,4.81,4.89,4.69,920
5/9/2019,4.81,4.81,4.81,4.81,4.61,10270
5/10/2019,4.72,4.88,4.72,4.88,4.68,1630
5/13/2019,4.89,4.89,4.89,4.89,4.69,10
5/14/2019,4.89,4.89,4.85,4.85,4.65,5590
5/15/2019,4.64,4.8,4.64,4.8,4.6,300
5/16/2019,4.68,4.76,4.66,4.76,4.56,3450
5/17/2019,4.76,4.76,4.72,4.72,4.52,120
5/20/2019,4.68,4.68,4.68,4.68,4.48,1560
5/21/2019,4.64,4.67,4.64,4.67,4.47,130
5/22/2019,4.72,4.72,4.71,4.71,4.51,440
5/23/2019,4.58,4.68,4.58,4.68,4.48,3760
5/24/2019,4.55,4.55,4.55,4.55,4.35,60
5/27/2019,4.42,4.68,4.42,4.68,4.48,13080
5/28/2019,4.68,4.71,4.68,4.71,4.51,50
5/29/2019,4.57,4.67,4.57,4.67,4.47,2700
5/30/2019,4.64,4.72,4.64,4.68,4.48,13580
5/31/2019,4.68,4.68,4.64,4.64,4.44,880
6/3/2019,4.64,4.64,4.64,4.64,4.44,520
6/7/2019,4.55,4.55,4.5,4.55,4.35,1370
6/10/2019,4.68,4.68,4.54,4.55,4.35,1320
6/11/2019,4.54,4.72,4.46,4.64,4.44,6680
6/12/2019,4.64,4.7,4.64,4.7,4.5,1540
6/13/2019,4.7,4.7,4.58,4.7,4.5,360
6/14/2019,4.69,4.72,4.69,4.72,4.52,2460
6/17/2019,4.68,5.01,4.68,5.01,4.81,45590
6/18/2019,5.14,5.15,5.01,5.06,4.86,19210
6/19/2019,5.07,5.36,5.07,5.31,5.11,45190
6/20/2019,5.31,5.31,5.24,5.24,5.04,740
6/21/2019,5.11,5.37,5.11,5.34,5.14,60180
6/24/2019,5.33,5.33,5.18,5.31,5.11,14990
6/25/2019,5.31,5.31,5.18,5.18,4.98,7550
6/26/2019,5.27,5.33,5.27,5.32,5.12,13120
6/27/2019,5.34,5.48,5.19,5.24,5.04,36840
6/28/2019,5.24,5.39,5.15,5.31,5.11,18820
7/1/2019,5.39,5.39,5.31,5.31,5.11,990
7/2/2019,5.15,5.31,5.15,5.31,5.11,14220
7/3/2019,5.37,5.37,5.24,5.31,5.11,4900
7/4/2019,5.31,5.31,5.16,5.28,5.08,4880
7/5/2019,5.37,5.37,5.31,5.32,5.12,3900
7/8/2019,5.32,5.32,5.32,5.32,5.12,10
7/9/2019,5.37,5.37,5.32,5.32,5.12,50
7/10/2019,5.3,5.45,5.3,5.3,5.1,500
7/11/2019,5.31,5.38,5.15,5.33,5.13,16390
7/12/2019,5.32,5.32,5.17,5.19,4.99,1420
7/15/2019,5.27,5.27,5.1,5.25,5.05,1870
7/16/2019,5.1,5.25,5.01,5.23,5.13,14740
7/17/2019,5.19,5.23,5.1,5.23,5.13,1700
7/18/2019,5.19,5.19,5.04,5.04,4.94,7400
7/19/2019,5.18,5.18,5.01,5.01,4.91,3890
7/22/2019,5.01,5.14,5.01,5.1,5,3230
7/23/2019,5.05,5.05,4.93,4.93,4.83,2330
7/24/2019,4.91,5.1,4.91,5.09,4.99,8260
7/26/2019,5.05,5.1,4.94,5.09,4.99,24850
7/30/2019,5.05,5.08,5.04,5.05,4.95,4060
7/31/2019,5.01,5.05,5.01,5.05,4.95,260
8/1/2019,4.9,5.04,4.9,5.04,4.94,2650
8/2/2019,4.96,5.03,4.96,4.96,4.86,7550
8/5/2019,4.96,4.96,4.96,4.96,4.86,280
8/6/2019,4.82,4.82,4.82,4.82,4.72,60
8/8/2019,4.82,4.82,4.82,4.82,4.72,3490
8/9/2019,4.72,4.72,4.7,4.72,4.62,14020
8/14/2019,4.82,4.86,4.72,4.86,4.76,11220
8/16/2019,4.82,5.01,4.8,5.01,4.91,300
8/19/2019,4.99,5.01,4.99,5.01,4.91,3180
8/20/2019,5.01,5.01,5.01,5.01,4.91,90
8/22/2019,4.99,4.99,4.99,4.99,4.89,860
8/23/2019,4.97,4.98,4.97,4.98,4.88,130
8/28/2019,4.97,4.99,4.97,4.98,4.88,6360
8/29/2019,4.98,4.98,4.96,4.96,4.86,530
8/30/2019,4.91,4.91,4.89,4.89,4.79,2230
9/4/2019,4.77,4.82,4.75,4.75,4.65,5100
9/5/2019,4.88,4.88,4.74,4.76,4.66,2770
9/9/2019,4.76,4.76,4.76,4.76,4.66,20
9/10/2019,4.76,4.89,4.74,4.89,4.79,23480
9/11/2019,4.89,5.03,4.88,5.03,4.93,9260
9/12/2019,5.03,5.03,4.91,4.91,4.81,650
9/13/2019,4.87,4.91,4.87,4.91,4.81,720
9/16/2019,4.91,5.01,4.91,4.91,4.81,11750
9/18/2019,4.87,4.87,4.87,4.87,4.77,430
9/19/2019,5.01,5.01,4.77,5.01,4.91,17580
9/20/2019,5.01,5.01,5.01,5.01,4.91,50
9/23/2019,5,5,4.99,4.99,4.89,220
9/24/2019,4.84,4.99,4.84,4.84,4.74,9800
9/25/2019,4.84,4.84,4.84,4.84,4.74,4020
9/26/2019,4.84,4.96,4.84,4.91,4.81,100
9/27/2019,4.77,4.89,4.77,4.77,4.67,5250
9/30/2019,4.91,4.91,4.63,4.63,4.53,9720
10/1/2019,4.76,4.85,4.76,4.85,4.75,0
10/2/2019,4.71,4.84,4.71,4.82,4.72,2410
10/3/2019,4.67,4.82,4.67,4.82,4.72,1340
10/7/2019,4.7,4.72,4.7,4.72,4.62,8260
10/8/2019,4.84,4.84,4.72,4.74,4.64,12010
10/9/2019,4.77,4.77,4.77,4.77,4.67,2660
10/10/2019,4.84,4.84,4.82,4.82,4.72,1060
10/11/2019,4.84,4.84,4.84,4.84,4.74,4190
10/14/2019,4.78,4.84,4.78,4.84,4.74,700
10/16/2019,4.84,4.84,4.84,4.84,4.74,25890
10/17/2019,4.79,4.99,4.72,4.99,4.89,58430
10/18/2019,4.99,5.05,4.99,5.05,4.95,610
10/21/2019,4.91,5.05,4.9,5.04,4.94,7660
10/22/2019,5.05,5.05,4.91,5.01,4.91,2650
10/23/2019,5,5,4.99,4.99,4.89,8570
10/24/2019,4.99,4.99,4.98,4.98,4.88,230
10/25/2019,4.91,4.91,4.91,4.91,4.81,10
10/28/2019,5,5,5,5,4.9,0
10/29/2019,4.86,4.86,4.86,4.86,4.76,3350
10/30/2019,4.85,4.86,4.72,4.72,4.62,9290
10/31/2019,4.86,4.86,4.86,4.86,4.76,0
11/1/2019,4.72,4.86,4.72,4.85,4.75,900
11/4/2019,4.85,4.85,4.85,4.85,4.75,10
11/5/2019,4.82,4.84,4.74,4.82,4.72,3350
11/6/2019,4.82,4.91,4.82,4.9,4.8,18770
11/7/2019,4.9,4.95,4.77,4.95,4.85,13770
11/8/2019,5.01,5.03,4.83,5,4.9,48950
11/11/2019,5.04,5.04,5,5.01,4.91,9000
11/13/2019,4.97,5.03,4.83,4.93,4.83,30230
11/14/2019,5.03,5.03,4.86,4.96,4.86,10810
11/15/2019,4.86,5.05,4.84,5.04,4.94,40810
11/18/2019,4.89,5.01,4.89,4.99,4.89,2200
11/19/2019,5.03,5.07,4.99,5.01,4.91,17080
11/20/2019,5.09,5.09,4.95,5.06,4.96,4610
11/21/2019,5.06,5.06,4.99,5.03,4.93,6510
11/22/2019,5.03,5.03,5.02,5.02,4.92,130
11/25/2019,4.88,5.1,4.88,5.1,5,39830
11/26/2019,5.1,5.15,5.1,5.15,5.05,60
11/27/2019,5.1,5.19,5.1,5.19,5.09,17490
11/28/2019,5.28,5.28,5.19,5.19,5.09,26360
11/29/2019,5.19,5.24,5.01,5.24,5.14,39260
12/2/2019,5.1,5.15,5.09,5.1,5,15980
12/3/2019,5.15,5.15,5.15,5.15,5.05,11120
12/4/2019,5.24,5.24,5.15,5.15,5.05,100
12/5/2019,5.15,5.3,5.15,5.3,5.2,27160
12/6/2019,5.38,5.38,5.24,5.31,5.21,7420
12/9/2019,5.2,5.28,5.2,5.28,5.18,120
12/10/2019,5.25,5.25,5.15,5.16,5.06,630
12/11/2019,5.31,5.31,5.16,5.16,5.06,9120
12/12/2019,5.29,5.29,5.29,5.29,5.19,370
12/13/2019,5.29,5.38,5.29,5.37,5.27,660
12/16/2019,5.21,5.35,5.21,5.33,5.23,270
12/17/2019,5.18,5.37,5.18,5.35,5.25,2130
12/18/2019,5.34,5.34,5.19,5.29,5.19,60
12/19/2019,5.29,5.34,5.19,5.34,5.24,1540
12/20/2019,5.38,5.43,5.22,5.22,5.12,3440
12/23/2019,5.08,5.45,5.08,5.42,5.32,37630
12/24/2019,5.44,5.45,5.38,5.41,5.31,22120
12/25/2019,5.43,5.43,5.38,5.38,5.28,18310
12/26/2019,5.45,5.45,5.29,5.41,5.31,18380
12/27/2019,5.38,5.5,5.29,5.5,5.4,39480
12/30/2019,5.5,5.52,5.34,5.49,5.39,1460
12/31/2019,5.49,5.56,5.48,5.48,5.38,6410
1/2/2020,5.57,5.57,5.57,5.57,5.47,4130
1/3/2020,5.61,5.61,5.45,5.45,5.35,14970
1/6/2020,5.53,5.53,5.29,5.29,5.19,2760
1/7/2020,5.21,5.21,5.16,5.19,5.09,2530
1/8/2020,5.04,5.04,5.04,5.04,4.94,540
1/9/2020,5.03,5.03,5.03,5.03,4.93,80
1/10/2020,5.03,5.03,5.03,5.03,4.93,470
1/13/2020,5.18,5.18,5.02,5.02,4.92,780
1/15/2020,4.96,4.96,4.92,4.92,4.82,2060
1/16/2020,4.92,5.05,4.92,4.92,4.82,3110
1/17/2020,5.05,5.05,5.05,5.05,4.95,30
1/20/2020,5.1,5.1,4.92,5.09,4.99,640
1/21/2020,5.08,5.08,5.01,5.01,4.91,1020
1/22/2020,4.86,5.09,4.86,5.09,4.99,170
1/23/2020,5.08,5.09,5.08,5.08,4.98,600
1/27/2020,5.01,5.01,4.93,4.93,4.83,1280
1/28/2020,4.91,4.91,4.79,4.79,4.69,2110
1/29/2020,4.91,5,4.82,4.96,4.86,860
1/30/2020,4.96,4.96,4.72,4.82,4.72,4920
1/31/2020,4.89,4.89,4.72,4.72,4.62,1680
2/3/2020,4.72,4.72,4.58,4.58,4.48,1590
2/4/2020,4.58,4.58,4.46,4.53,4.43,1080
2/5/2020,4.55,4.67,4.55,4.67,4.57,4260
2/6/2020,4.72,4.72,4.58,4.72,4.62,130
2/11/2020,4.63,4.72,4.58,4.72,4.62,3930
2/12/2020,4.58,4.69,4.58,4.58,4.48,1430
2/13/2020,4.63,4.72,4.59,4.67,4.57,630
2/14/2020,4.67,4.67,4.67,4.67,4.57,30
2/17/2020,4.58,4.67,4.58,4.67,4.57,2210
2/18/2020,4.71,4.72,4.71,4.71,4.61,1020
2/19/2020,4.64,4.71,4.63,4.63,4.53,2600
2/20/2020,4.63,4.7,4.63,4.7,4.6,440
2/21/2020,4.68,4.68,4.67,4.67,4.57,570
2/24/2020,4.67,4.67,4.63,4.63,4.53,1910
2/25/2020,4.58,4.67,4.57,4.58,4.48,2720
2/26/2020,4.67,4.67,4.53,4.63,4.53,2940
2/27/2020,4.58,4.58,4.53,4.58,4.48,1330
2/28/2020,4.62,4.63,4.58,4.58,4.48,9090
3/2/2020,4.67,4.67,4.58,4.6,4.5,7890
3/3/2020,4.6,4.63,4.49,4.61,4.51,15780
3/4/2020,4.62,4.67,4.49,4.62,4.52,5540
3/5/2020,4.5,4.5,4.49,4.49,4.39,2200
3/6/2020,4.46,4.46,4.36,4.44,4.34,1640
3/9/2020,4.46,4.46,4.33,4.33,4.23,930
3/10/2020,4.25,4.25,4.22,4.24,4.14,180
3/11/2020,4.24,4.33,4.12,4.33,4.23,830
3/12/2020,4.33,4.33,4.2,4.2,4.1,150
3/13/2020,4.31,4.31,4.18,4.18,4.08,400
3/16/2020,4.16,4.16,4,4,3.9,140
3/17/2020,3.89,3.89,3.78,3.78,3.68,1370
3/18/2020,3.66,3.89,3.66,3.89,3.79,2920
3/19/2020,4,4,4,4,3.9,0
3/23/2020,3.78,3.89,3.78,3.89,3.79,280
3/24/2020,4,4,3.78,4,3.9,870
3/25/2020,4.12,4.12,4.12,4.12,4.02,10
3/26/2020,4.23,4.23,3.99,3.99,3.89,270
3/27/2020,4.11,4.11,3.99,3.99,3.89,10
3/30/2020,4.11,4.11,4.11,4.11,4.01,10
3/31/2020,4.22,4.22,4.01,4.11,4.01,760
4/1/2020,3.99,4.19,3.99,4.19,4.09,1940
4/2/2020,4.29,4.29,4.15,4.15,4.05,10
4/3/2020,4.15,4.25,4.15,4.25,4.15,80
4/8/2020,3.91,4.12,3.91,4.12,4.02,700
4/13/2020,4.23,4.23,4.23,4.23,4.13,0
4/14/2020,4.11,4.11,4.11,4.11,4.01,10
4/15/2020,4.2,4.2,4.2,4.2,4.1,20
4/16/2020,4.22,4.22,4.22,4.22,4.12,10
4/17/2020,4.31,4.31,4.31,4.31,4.21,0
4/20/2020,4.27,4.27,4.27,4.27,4.17,10
4/21/2020,4.34,4.34,4.34,4.34,4.24,20
4/22/2020,4.44,4.44,4.44,4.44,4.34,10
4/24/2020,4.31,4.31,4.31,4.31,4.21,30
4/29/2020,4.05,4.06,3.83,3.83,3.73,70
4/30/2020,3.76,3.92,3.72,3.72,3.62,700
5/4/2020,3.71,3.71,3.71,3.71,3.61,10
5/6/2020,3.61,3.7,3.61,3.7,3.6,270
5/7/2020,3.68,3.68,3.68,3.68,3.58,10
5/11/2020,3.64,3.64,3.64,3.64,3.54,30
5/12/2020,3.61,3.61,3.53,3.61,3.51,2940
5/13/2020,3.61,3.71,3.61,3.71,3.61,130
5/14/2020,3.68,3.68,3.68,3.68,3.58,30
5/15/2020,3.6,3.6,3.6,3.6,3.5,30
5/18/2020,3.57,3.6,3.49,3.49,3.39,4320
5/19/2020,3.59,3.59,3.39,3.51,3.41,2820
5/20/2020,3.51,3.59,3.51,3.59,3.49,830
5/21/2020,3.53,3.6,3.53,3.59,3.49,2980
5/22/2020,3.48,3.6,3.48,3.6,3.5,1590
5/26/2020,3.68,3.7,3.59,3.68,3.58,7560
5/27/2020,3.65,3.65,3.65,3.65,3.55,3180
5/28/2020,3.65,3.67,3.55,3.59,3.49,1420
5/29/2020,3.59,3.59,3.48,3.59,3.49,4320
6/1/2020,3.48,3.48,3.48,3.48,3.38,250
6/2/2020,3.38,3.59,3.38,3.59,3.49,24310
6/3/2020,3.69,3.69,3.68,3.69,3.59,19610
6/4/2020,3.78,3.8,3.7,3.78,3.68,6820
6/5/2020,3.82,3.91,3.78,3.91,3.81,11450
6/8/2020,3.8,3.87,3.68,3.68,3.58,14370
6/9/2020,3.59,3.76,3.58,3.76,3.66,2310
6/10/2020,3.65,3.73,3.65,3.73,3.63,5870
6/11/2020,3.74,3.74,3.74,3.74,3.64,1160
6/12/2020,3.72,3.72,3.65,3.68,3.58,13740
6/15/2020,3.76,3.76,3.65,3.65,3.55,6680
6/16/2020,3.68,3.68,3.49,3.65,3.55,6540
6/17/2020,3.5,3.64,3.49,3.59,3.49,19110
6/18/2020,3.57,3.66,3.47,3.66,3.56,11180
6/22/2020,3.65,3.65,3.55,3.55,3.45,1820
6/23/2020,3.51,3.64,3.49,3.64,3.54,8430
6/24/2020,3.55,3.62,3.53,3.62,3.52,22460
6/25/2020,3.6,3.65,3.53,3.65,3.55,54820
6/26/2020,3.65,3.76,3.59,3.72,3.62,12260
6/29/2020,3.72,3.8,3.72,3.8,3.7,6060
6/30/2020,3.78,3.78,3.71,3.72,3.62,3960
7/1/2020,3.65,3.78,3.65,3.78,3.68,1650
7/2/2020,3.66,3.73,3.66,3.72,3.62,580
7/3/2020,3.56,3.68,3.56,3.68,3.58,170
7/6/2020,3.6,3.75,3.59,3.68,3.58,11500
7/7/2020,3.73,3.83,3.73,3.77,3.67,4770
7/8/2020,3.78,3.78,3.77,3.77,3.67,2750
7/9/2020,3.77,3.87,3.76,3.78,3.68,10020
7/10/2020,3.82,3.82,3.82,3.82,3.72,1500
7/13/2020,3.71,3.82,3.71,3.82,3.72,1060
7/14/2020,3.73,3.73,3.73,3.73,3.63,10
7/15/2020,3.72,3.72,3.63,3.63,3.53,500
7/16/2020,3.71,3.71,3.59,3.67,3.57,2600
7/17/2020,3.7,3.7,3.6,3.64,3.54,390
7/20/2020,3.71,3.71,3.71,3.71,3.61,10
7/21/2020,3.64,3.64,3.64,3.64,3.54,0
7/22/2020,3.64,3.64,3.64,3.64,3.54,10
7/23/2020,3.64,3.64,3.53,3.53,3.43,23280
7/24/2020,3.53,3.53,3.43,3.53,3.43,5390
7/27/2020,3.53,3.53,3.44,3.53,3.43,1010
7/28/2020,3.52,3.52,3.52,3.52,3.42,1010
7/29/2020,3.53,3.63,3.53,3.63,3.53,1310
7/30/2020,3.52,3.71,3.52,3.71,3.61,2750
8/3/2020,3.67,3.67,3.67,3.67,3.57,10
8/4/2020,3.67,3.71,3.59,3.71,3.61,710
8/5/2020,3.71,3.77,3.71,3.77,3.67,2620
8/7/2020,3.77,3.77,3.58,3.76,3.66,1440
8/10/2020,3.86,3.97,3.86,3.89,3.79,40
8/11/2020,3.78,3.95,3.78,3.95,3.85,4150
8/12/2020,3.89,3.9,3.84,3.9,3.8,720
8/14/2020,3.79,3.8,3.79,3.8,3.7,530
8/19/2020,3.76,3.76,3.76,3.76,3.66,10
8/21/2020,3.65,3.65,3.65,3.65,3.55,700
8/24/2020,3.65,3.65,3.55,3.64,3.54,420
8/25/2020,3.48,3.8,3.48,3.8,3.7,17590
8/26/2020,3.8,3.8,3.78,3.78,3.68,8100
8/27/2020,3.75,3.75,3.75,3.75,3.65,10
8/28/2020,3.64,3.8,3.64,3.65,3.55,4450
8/31/2020,3.65,3.65,3.55,3.55,3.45,900
9/1/2020,3.47,3.55,3.45,3.55,3.45,320
9/2/2020,3.5,3.65,3.5,3.65,3.55,80
9/3/2020,3.65,3.65,3.65,3.65,3.55,1250
9/4/2020,3.55,3.55,3.55,3.55,3.45,1230
9/7/2020,3.55,3.55,3.45,3.45,3.35,1380
9/8/2020,3.55,3.55,3.41,3.41,3.31,220
9/9/2020,3.41,3.41,3.35,3.41,3.31,2120
9/10/2020,3.35,3.35,3.31,3.32,3.22,2020
9/11/2020,3.32,3.41,3.32,3.41,3.31,5070
9/14/2020,3.51,3.51,3.41,3.5,3.4,760
9/15/2020,3.41,3.41,3.4,3.4,3.3,370
9/16/2020,3.4,3.4,3.4,3.4,3.3,100
9/17/2020,3.41,3.45,3.31,3.31,3.21,11340
9/18/2020,3.4,3.4,3.4,3.4,3.3,10
9/22/2020,3.3,3.4,3.3,3.3,3.2,930
9/23/2020,3.39,3.39,3.29,3.29,3.19,250
9/24/2020,3.27,3.29,3.2,3.29,3.19,2380
9/25/2020,3.3,3.38,3.3,3.38,3.28,30
9/28/2020,3.33,3.38,3.33,3.38,3.28,150
9/30/2020,3.37,3.37,3.3,3.36,3.26,390
10/1/2020,3.38,3.38,3.28,3.35,3.25,420
10/2/2020,3.35,3.45,3.27,3.45,3.35,3330
10/5/2020,3.48,3.48,3.48,3.48,3.38,10
10/6/2020,3.38,3.38,3.38,3.38,3.28,700
10/7/2020,3.23,3.49,3.23,3.49,3.39,590
10/8/2020,3.34,3.45,3.34,3.45,3.35,530
10/9/2020,3.44,3.44,3.44,3.44,3.34,50
10/13/2020,3.49,3.49,3.49,3.49,3.39,10
10/14/2020,3.49,3.49,3.49,3.49,3.39,160
10/16/2020,3.5,3.6,3.5,3.59,3.49,5300
10/20/2020,3.54,3.55,3.54,3.55,3.45,700
10/21/2020,3.55,3.6,3.54,3.58,3.48,5070
10/23/2020,3.48,3.55,3.48,3.51,3.41,700
10/26/2020,3.51,3.58,3.5,3.5,3.4,2000
10/27/2020,3.58,3.58,3.48,3.48,3.38,80
10/28/2020,3.58,3.58,3.47,3.47,3.37,620
10/30/2020,3.57,3.57,3.57,3.57,3.47,10
11/2/2020,3.55,3.6,3.49,3.6,3.5,5170
11/3/2020,3.67,3.67,3.66,3.66,3.56,130
11/4/2020,3.6,3.6,3.56,3.59,3.49,1690
11/5/2020,3.63,3.63,3.47,3.59,3.49,35240
11/9/2020,3.63,3.63,3.63,3.63,3.53,30
11/10/2020,3.53,3.58,3.53,3.58,3.48,230
11/11/2020,3.53,3.58,3.53,3.58,3.48,490
11/12/2020,3.58,3.58,3.58,3.58,3.48,940
11/13/2020,3.53,3.53,3.53,3.53,3.43,270
11/16/2020,3.58,3.58,3.53,3.53,3.43,610
11/17/2020,3.53,3.53,3.48,3.53,3.43,15200
11/18/2020,3.38,3.53,3.38,3.53,3.43,5640
11/19/2020,3.38,3.49,3.38,3.49,3.39,2260
11/20/2020,3.48,3.48,3.4,3.47,3.37,460
11/23/2020,3.5,3.5,3.4,3.5,3.4,1730
11/24/2020,3.45,3.47,3.45,3.47,3.37,10910
11/25/2020,3.45,3.47,3.45,3.47,3.37,390
11/26/2020,3.44,3.47,3.44,3.47,3.37,1090
11/27/2020,3.41,3.41,3.37,3.37,3.27,7460
11/30/2020,3.45,3.46,3.37,3.46,3.36,3170
12/1/2020,3.4,3.45,3.37,3.45,3.35,160
12/2/2020,3.37,3.44,3.37,3.44,3.34,450
12/3/2020,3.37,3.44,3.37,3.44,3.34,6140
12/4/2020,3.4,3.49,3.4,3.49,3.39,2980
12/7/2020,3.49,3.49,3.4,3.4,3.3,430
12/8/2020,3.5,3.5,3.5,3.5,3.4,10
12/9/2020,3.4,3.4,3.4,3.4,3.3,300
12/10/2020,3.38,3.4,3.37,3.37,3.27,1640
12/11/2020,3.37,3.38,3.3,3.38,3.28,2490
12/14/2020,3.43,3.48,3.34,3.48,3.38,1360
12/15/2020,3.36,3.45,3.36,3.45,3.35,330
12/16/2020,3.35,3.45,3.35,3.4,3.3,1830
12/17/2020,3.35,3.43,3.33,3.38,3.28,22730
12/18/2020,3.38,3.5,3.32,3.5,3.4,2820
12/21/2020,3.48,3.48,3.48,3.48,3.38,30
12/22/2020,3.5,3.5,3.4,3.45,3.35,3970
12/23/2020,3.5,3.65,3.5,3.65,3.55,13020
12/24/2020,3.75,3.86,3.7,3.85,3.75,29960
12/25/2020,3.92,4.03,3.9,3.99,3.89,16650
12/28/2020,4.04,4.04,3.92,3.92,3.82,1000
12/29/2020,4,4,3.84,3.99,3.89,12670
12/30/2020,3.99,3.99,3.88,3.88,3.78,8680
12/31/2020,3.95,4.06,3.84,3.84,3.74,17370
1/4/2021,3.81,3.81,3.73,3.73,3.63,1780
1/5/2021,3.72,3.72,3.61,3.61,3.51,2960
1/6/2021,3.61,3.61,3.51,3.61,3.51,1280
1/7/2021,3.6,3.6,3.51,3.55,3.45,600
1/8/2021,3.54,3.54,3.45,3.5,3.4,1250
1/11/2021,3.45,3.45,3.4,3.4,3.3,400
1/12/2021,3.4,3.5,3.33,3.4,3.3,8140
1/13/2021,3.35,3.4,3.35,3.4,3.3,2170
1/15/2021,3.39,3.4,3.31,3.4,3.3,1830
1/18/2021,3.4,3.4,3.3,3.4,3.3,1590
1/19/2021,3.39,3.4,3.35,3.35,3.25,2400
1/20/2021,3.35,3.45,3.35,3.44,3.34,5250
1/21/2021,3.42,3.42,3.4,3.4,3.3,500
1/22/2021,3.3,3.45,3.3,3.45,3.35,17430
1/25/2021,3.45,3.45,3.45,3.45,3.35,4050
1/26/2021,3.49,3.49,3.46,3.46,3.36,290
1/27/2021,3.47,3.47,3.47,3.47,3.37,10
1/28/2021,3.5,3.5,3.37,3.37,3.27,23190
1/29/2021,3.4,3.4,3.39,3.39,3.29,500
2/1/2021,3.38,3.39,3.3,3.38,3.28,14220
2/2/2021,3.3,3.4,3.3,3.4,3.3,110
2/3/2021,3.31,3.4,3.3,3.39,3.29,2420
2/4/2021,3.37,3.37,3.35,3.35,3.25,8280
2/5/2021,3.4,3.4,3.34,3.35,3.25,8650
2/8/2021,3.45,3.45,3.4,3.4,3.3,13200
2/9/2021,3.4,3.45,3.4,3.4,3.3,2390
2/10/2021,3.3,3.45,3.3,3.45,3.35,30
2/11/2021,3.35,3.35,3.35,3.35,3.25,750
2/12/2021,3.44,3.44,3.44,3.44,3.34,10
2/15/2021,3.39,3.4,3.38,3.4,3.3,23640
2/17/2021,3.37,3.37,3.37,3.37,3.27,400
2/18/2021,3.3,3.47,3.28,3.47,3.37,6500
2/19/2021,3.5,3.58,3.47,3.47,3.37,4980
2/22/2021,3.47,3.47,3.37,3.4,3.3,870
2/23/2021,3.4,3.4,3.4,3.4,3.3,80
2/24/2021,3.4,3.4,3.4,3.4,3.3,270
2/25/2021,3.34,3.34,3.3,3.3,3.2,2790
2/26/2021,3.39,3.39,3.39,3.39,3.29,10
3/1/2021,3.3,3.3,3.29,3.29,3.19,520
3/2/2021,3.38,3.38,3.29,3.29,3.19,1160
3/3/2021,3.37,3.38,3.37,3.38,3.28,200
3/4/2021,3.38,3.38,3.38,3.38,3.28,100
3/5/2021,3.38,3.38,3.3,3.3,3.2,3610
3/8/2021,3.35,3.35,3.25,3.35,3.25,190
3/9/2021,3.3,3.3,3.28,3.28,3.18,3330
3/10/2021,3.35,3.35,3.3,3.35,3.25,530
3/11/2021,3.3,3.38,3.29,3.29,3.19,3130
3/12/2021,3.28,3.29,3.27,3.29,3.19,2570
3/15/2021,3.29,3.29,3.26,3.29,3.19,750
3/16/2021,3.29,3.29,3.25,3.25,3.15,3800
3/17/2021,3.25,3.29,3.25,3.29,3.19,690
3/18/2021,3.29,3.38,3.29,3.29,3.19,2100
3/19/2021,3.28,3.28,3.28,3.28,3.18,100
3/22/2021,3.3,3.3,3.21,3.21,3.11,7950
3/23/2021,3.3,3.3,3.21,3.21,3.11,1640
3/24/2021,3.3,3.3,3.21,3.21,3.11,5120
3/25/2021,3.3,3.3,3.21,3.21,3.11,650
3/26/2021,3.21,3.21,3.2,3.21,3.11,3470
3/29/2021,3.21,3.3,3.2,3.2,3.1,5960
3/30/2021,3.29,3.29,3.2,3.2,3.1,400
3/31/2021,3.2,3.2,3.11,3.19,3.09,6650
4/1/2021,3.18,3.18,3.15,3.17,3.07,570
4/2/2021,3.18,3.18,3.12,3.12,3.02,5050
4/5/2021,3.13,3.13,3.08,3.08,2.98,2150
4/6/2021,3.05,3.05,2.99,2.99,2.89,7680
4/7/2021,2.93,2.98,2.91,2.91,2.81,40310
4/8/2021,2.88,2.99,2.86,2.99,2.89,15330
4/12/2021,2.91,3,2.91,3,2.9,3280
4/13/2021,2.99,3,2.98,2.98,2.88,1050
4/14/2021,2.95,3,2.95,3,2.9,2760
4/15/2021,2.97,2.99,2.93,2.99,2.89,6550
4/16/2021,2.93,2.93,2.91,2.93,2.83,3770
4/19/2021,3,3,2.91,2.96,2.86,3980
4/20/2021,2.99,3.01,2.99,3,2.9,30090
4/21/2021,3.03,3.03,2.98,2.98,2.88,1020
4/22/2021,3.04,3.06,3,3.06,2.96,22150
4/23/2021,3.07,3.16,3.07,3.16,3.06,21790
4/26/2021,3.18,3.31,3.18,3.31,3.21,10810
4/27/2021,3.44,3.45,3.31,3.39,3.29,16960
4/28/2021,3.35,3.43,3.35,3.43,3.33,2280
4/29/2021,3.38,3.44,3.38,3.39,3.29,4210
4/30/2021,3.29,3.35,3.26,3.34,3.24,80
5/3/2021,3.24,3.24,3.15,3.19,3.09,1730
5/4/2021,3.25,3.26,3.1,3.15,3.05,7110
5/5/2021,3.14,3.14,3.14,3.14,3.04,250
5/6/2021,3.14,3.14,3.05,3.05,2.95,4040
5/7/2021,3.05,3.14,2.98,3.14,3.04,3280
5/10/2021,3.05,3.05,3.05,3.05,2.95,990
5/11/2021,3.05,3.09,2.96,3.09,2.99,5950
5/17/2021,3,3.09,3,3.01,2.91,3550
5/18/2021,3,3.09,2.95,3.09,2.99,3990
5/19/2021,3,3.13,3,3.13,3.03,3280
5/20/2021,3.09,3.19,3.09,3.19,3.09,3200
5/21/2021,3.19,3.2,3.17,3.19,3.09,5910
5/24/2021,3.19,3.2,3.19,3.2,3.1,2020
5/25/2021,3.2,3.29,3.2,3.29,3.19,4330
5/26/2021,3.3,3.38,3.29,3.37,3.27,820
5/27/2021,3.37,3.41,3.32,3.37,3.27,3140
5/28/2021,3.43,3.43,3.33,3.35,3.25,1810
5/31/2021,3.3,3.34,3.3,3.34,3.24,11430
6/1/2021,3.34,3.34,3.33,3.33,3.23,270
6/2/2021,3.33,3.33,3.24,3.26,3.16,3960
6/3/2021,3.35,3.35,3.25,3.25,3.15,180
6/4/2021,3.25,3.25,3.21,3.22,3.12,1240
6/7/2021,3.22,3.31,3.16,3.18,3.08,3500
6/8/2021,3.17,3.18,3.15,3.18,3.08,4930
6/9/2021,3.14,3.22,3.14,3.22,3.12,4550
6/10/2021,3.26,3.26,3.26,3.26,3.16,50
6/11/2021,3.3,3.3,3.24,3.24,3.14,1430
6/14/2021,3.23,3.23,3.18,3.18,3.08,32040
6/15/2021,3.13,3.2,3.13,3.2,3.1,370
6/16/2021,3.2,3.21,3.2,3.21,3.11,130
6/17/2021,3.19,3.22,3.19,3.2,3.1,1090
6/18/2021,3.19,3.22,3.19,3.22,3.12,720
6/21/2021,3.15,3.16,3.15,3.15,3.05,2110
6/22/2021,3.22,3.22,3.15,3.22,3.12,1000
6/23/2021,3.22,3.36,3.22,3.36,3.26,10860
6/24/2021,3.4,3.56,3.4,3.56,3.46,93020
6/28/2021,3.62,3.72,3.56,3.72,3.62,27530
6/29/2021,3.77,3.88,3.76,3.8,3.7,30190
6/30/2021,3.8,3.8,3.8,3.8,3.7,740
7/1/2021,3.8,3.85,3.8,3.81,3.71,7580
7/2/2021,3.82,3.9,3.8,3.82,3.72,2780
7/5/2021,3.93,3.93,3.82,3.82,3.72,7700
7/6/2021,3.8,3.85,3.8,3.82,3.72,7170
7/7/2021,3.82,3.88,3.82,3.88,3.78,11050
7/8/2021,3.8,3.83,3.8,3.82,3.72,6290
7/9/2021,3.81,3.83,3.75,3.83,3.73,10970
7/12/2021,3.89,3.89,3.83,3.88,3.78,2610
7/13/2021,3.88,3.99,3.88,3.99,3.89,21940
7/14/2021,3.98,4,3.98,3.99,3.79,1310
7/15/2021,3.98,3.98,3.97,3.97,3.77,390
7/16/2021,3.91,4.03,3.91,4.03,3.83,38930
7/19/2021,4.1,4.27,4.1,4.26,4.06,680
7/22/2021,4.26,4.38,4.14,4.15,3.95,6330
7/23/2021,4.27,4.27,4.08,4.08,3.88,2770
7/26/2021,4.08,4.08,3.96,3.96,3.76,1880
7/27/2021,3.94,4.07,3.94,4.07,3.87,8000
7/28/2021,4.07,4.07,4.03,4.03,3.83,120
7/29/2021,4.05,4.05,4.05,4.05,3.85,10
7/30/2021,4.05,4.05,4.05,4.05,3.85,60
8/4/2021,4.02,4.02,4.02,4.02,3.82,50
8/5/2021,4.02,4.02,4,4,3.8,250
8/6/2021,3.95,4,3.88,4,3.8,960
8/9/2021,4.01,4.04,4.01,4.04,3.84,3800
8/11/2021,3.92,4.03,3.92,4.03,3.83,1400
8/12/2021,4.03,4.14,4.03,4.04,3.84,6620
8/16/2021,4.04,4.16,4.04,4.16,3.96,6650
8/17/2021,4.2,4.28,4.2,4.26,4.06,2870
8/18/2021,4.27,4.28,4.26,4.28,4.08,2410
8/19/2021,4.28,4.28,4.25,4.28,4.08,7430
8/20/2021,4.27,4.4,4.27,4.4,4.2,149500
8/23/2021,4.5,4.6,4.5,4.6,4.4,10710
8/24/2021,4.65,4.7,4.6,4.6,4.4,1370
8/25/2021,4.6,4.6,4.47,4.57,4.37,1760
8/26/2021,4.44,4.5,4.44,4.5,4.3,860
8/27/2021,4.63,4.76,4.63,4.74,4.54,11530
8/30/2021,4.7,4.7,4.7,4.7,4.5,1000
8/31/2021,4.82,4.82,4.69,4.69,4.49,3200
9/1/2021,4.78,4.78,4.69,4.69,4.49,2100
9/2/2021,4.74,4.74,4.73,4.74,4.54,1070
9/3/2021,4.77,4.77,4.69,4.7,4.5,16570
9/6/2021,4.65,4.67,4.6,4.67,4.47,2500
9/7/2021,4.55,4.6,4.55,4.6,4.4,830
9/8/2021,4.69,4.69,4.5,4.5,4.3,1850
9/9/2021,4.59,4.59,4.45,4.55,4.35,3010
9/10/2021,4.65,4.8,4.4,4.8,4.6,236350
9/13/2021,4.8,4.8,4.66,4.74,4.54,5360
9/14/2021,4.71,4.71,4.62,4.62,4.42,2950
9/15/2021,4.62,4.62,4.55,4.62,4.42,980
9/16/2021,4.62,4.62,4.49,4.61,4.41,2450
9/17/2021,4.62,4.71,4.62,4.7,4.5,6250
9/20/2021,4.7,4.75,4.66,4.66,4.46,1170
9/21/2021,4.66,4.66,4.66,4.66,4.46,540
9/22/2021,4.61,4.66,4.6,4.66,4.46,3090
9/23/2021,4.7,4.7,4.66,4.66,4.46,570
9/24/2021,4.7,4.7,4.55,4.69,4.49,2470
9/27/2021,4.6,4.66,4.6,4.66,4.46,2850
9/28/2021,4.6,4.67,4.6,4.66,4.46,460
9/29/2021,4.7,4.7,4.6,4.64,4.44,1290
9/30/2021,4.58,4.64,4.58,4.64,4.44,3650
10/1/2021,4.6,4.7,4.6,4.7,4.5,2040
10/4/2021,4.7,4.75,4.7,4.7,4.5,3130
10/5/2021,4.75,4.77,4.73,4.77,4.57,5050
10/6/2021,4.84,4.84,4.71,4.81,4.61,2140
10/7/2021,4.84,4.85,4.8,4.85,4.65,4370
10/8/2021,4.8,5.1,4.8,5.01,4.81,16420
10/11/2021,5.09,5.3,5.08,5.3,5.1,7430
10/12/2021,5.4,5.4,5.4,5.4,5.2,3250
10/13/2021,5.39,5.39,5.15,5.2,5,2310
10/14/2021,5.2,5.2,5.11,5.15,4.95,5290
10/19/2021,5.11,5.11,5.08,5.08,4.88,1210
10/20/2021,5.11,5.11,5.08,5.08,4.88,20
10/21/2021,5.05,5.09,4.95,5.09,4.89,14600
10/22/2021,5.11,5.11,4.9,4.9,4.7,1110
10/25/2021,4.96,4.96,4.96,4.96,4.76,0
10/26/2021,5.15,5.15,4.67,4.9,4.7,100
10/27/2021,4.9,4.9,4.9,4.9,4.7,0
10/28/2021,5,5,5,5,4.8,0
10/29/2021,4.81,5.15,4.8,5.15,4.95,8190
11/1/2021,5.35,5.35,5.35,5.35,5.15,0
11/2/2021,5.35,5.35,5.09,5.09,4.89,8190
11/3/2021,5.34,5.34,5.3,5.3,5.1,180
11/4/2021,5.2,5.21,5.2,5.21,5.01,10830
11/5/2021,5.11,5.2,5.1,5.2,5,190
11/8/2021,5.05,5.2,5.05,5.05,4.85,7670
11/9/2021,5.05,5.24,5.05,5.24,5.04,11510
11/10/2021,5.24,5.25,5.12,5.25,5.05,40
11/11/2021,5.2,5.2,5.2,5.2,5,160
11/12/2021,5.15,5.2,5.12,5.12,4.92,270
11/15/2021,5.12,5.12,5.12,5.12,4.92,60
11/17/2021,5.09,5.09,4.97,5,4.8,6560
11/18/2021,5.1,5.1,5.1,5.1,4.9,0
11/19/2021,5,5.1,5,5.1,4.9,210
11/22/2021,5,5,4.97,5,4.8,1130
11/23/2021,5,5,5,5,4.8,50
11/24/2021,5.1,5.1,4.93,5,4.8,1400
11/25/2021,5,5.1,5,5.1,4.9,2270
11/26/2021,5,5.08,5,5,4.8,520
11/29/2021,5.1,5.1,5,5.04,4.84,2890
11/30/2021,4.97,5.04,4.97,5.04,4.84,1250
12/1/2021,4.93,5.07,4.93,5.03,4.83,800
12/2/2021,5.01,5.01,5,5,4.8,4220
12/3/2021,4.95,4.95,4.93,4.93,4.73,3790
12/6/2021,5,5,4.85,4.85,4.65,1550
12/7/2021,4.95,4.99,4.95,4.99,4.79,510
12/8/2021,4.8,4.99,4.8,4.99,4.79,0
12/9/2021,4.81,4.88,4.73,4.88,4.68,4460
12/13/2021,4.79,4.92,4.79,4.92,4.72,500
12/14/2021,4.7,4.7,4.7,4.7,4.5,1910
12/15/2021,4.92,4.92,4.92,4.92,4.72,0
12/16/2021,4.93,4.93,4.93,4.93,4.73,0
12/20/2021,4.96,4.96,4.7,4.84,4.64,2980
12/21/2021,4.8,4.84,4.8,4.82,4.62,5230
12/22/2021,4.84,5.04,4.84,5,4.8,29310
12/23/2021,4.9,5.19,4.9,5.19,4.99,14480
12/24/2021,5.23,5.25,5,5.19,4.99,1100
12/27/2021,5.29,5.29,5.19,5.28,5.08,10820
12/28/2021,5.39,5.5,5.28,5.39,5.19,16810
12/29/2021,5.37,5.37,5.25,5.37,5.17,1940
12/30/2021,5.44,5.44,5.2,5.3,5.1,5200
12/31/2021,5.1,5.28,5.1,5.2,5,670
1/3/2022,5.18,5.25,5.18,5.18,4.98,2490
1/4/2022,5.1,5.1,5,5,4.8,770
1/5/2022,5,5.07,4.94,4.99,4.79,22430
1/6/2022,5.07,5.09,4.99,5.09,4.89,7220
1/7/2022,5.2,5.2,5.05,5.06,4.86,12760
1/10/2022,5.2,5.2,5.2,5.2,5,1850
1/11/2022,5.14,5.14,5.03,5.1,4.9,12690
1/12/2022,5.2,5.2,5.1,5.1,4.9,1500
1/13/2022,5.03,5.1,5.03,5.1,4.9,3070
1/14/2022,5,5.15,5,5.1,4.9,3580
1/17/2022,5.04,5.15,5.04,5.15,4.95,3460
1/18/2022,5.15,5.15,4.99,5,4.8,31450
1/19/2022,5.15,5.15,5,5.15,4.95,2390
1/20/2022,5.1,5.1,4.86,4.9,4.7,15440
1/21/2022,5,5,4.8,4.85,4.65,6690
1/22/2022,5,5,5,5,4.8,0
1/24/2022,4.88,4.88,4.85,4.88,4.68,1110
1/25/2022,5,5,5,5,4.8,330
1/26/2022,5,5,4.9,5,4.8,3330
1/27/2022,4.9,5,4.9,5,4.8,2850
1/28/2022,4.9,5,4.9,4.99,4.79,1660
1/31/2022,4.99,5,4.99,5,4.8,21750
2/1/2022,4.9,4.9,4.89,4.89,4.69,5140
2/2/2022,4.98,4.98,4.9,4.9,4.7,4670
2/3/2022,4.9,4.98,4.9,4.98,4.78,2700
2/4/2022,4.9,4.98,4.9,4.98,4.78,350
2/7/2022,4.99,4.99,4.87,4.99,4.79,3190
2/8/2022,5,5,5,5,4.8,0
2/9/2022,4.99,5,4.99,5,4.8,7200
2/10/2022,5,5,5,5,4.8,2180
2/11/2022,4.9,5,4.9,5,4.8,650
2/14/2022,4.98,4.99,4.98,4.99,4.79,8500
2/15/2022,4.9,4.95,4.9,4.95,4.75,620
2/16/2022,4.9,4.95,4.9,4.95,4.75,290
2/17/2022,4.95,4.95,4.95,4.95,4.75,1110
2/18/2022,4.91,5,4.89,4.89,4.69,4220
2/21/2022,4.98,4.99,4.86,4.98,4.78,9820
2/22/2022,4.91,4.96,4.91,4.96,4.76,2080
2/23/2022,4.98,4.98,4.88,4.88,4.68,290
2/24/2022,4.87,4.99,4.8,4.99,4.79,9060
2/25/2022,4.98,4.98,4.9,4.9,4.7,4380
2/28/2022,4.9,4.99,4.9,4.99,4.79,2500
3/1/2022,4.97,4.97,4.97,4.97,4.77,10
3/2/2022,4.97,5.1,4.97,5,4.8,6120
3/4/2022,4.91,4.91,4.91,4.91,4.71,30
3/7/2022,4.9,4.98,4.9,4.9,4.7,4010
3/8/2022,4.9,4.9,4.85,4.9,4.7,390
3/9/2022,4.9,4.9,4.9,4.9,4.7,1000
3/10/2022,4.85,4.9,4.8,4.9,4.7,1170
3/11/2022,4.9,4.9,4.89,4.89,4.69,1950
3/14/2022,4.85,4.98,4.85,4.98,4.78,360
3/15/2022,4.8,4.99,4.8,4.99,4.79,1170
3/16/2022,4.79,4.95,4.79,4.95,4.75,1000
3/18/2022,4.94,4.94,4.94,4.94,4.74,390
3/24/2022,4.85,4.95,4.85,4.95,4.75,110
4/1/2022,4.9,4.9,4.9,4.9,4.7,500
4/4/2022,4.95,4.95,4.95,4.95,4.75,10
4/7/2022,4.85,4.85,4.75,4.75,4.55,20
4/8/2022,4.74,4.74,4.66,4.66,4.46,580
4/13/2022,4.66,4.66,4.66,4.66,4.46,10
4/14/2022,4.55,4.66,4.55,4.66,4.46,720
4/15/2022,4.66,4.66,4.6,4.6,4.4,1150
4/18/2022,4.59,4.59,4.59,4.59,4.39,5500
4/19/2022,4.49,4.66,4.49,4.66,4.46,0
4/21/2022,4.66,4.66,4.6,4.6,4.4,530
4/22/2022,4.6,4.6,4.5,4.59,4.39,370
4/26/2022,4.5,4.52,4.4,4.5,4.3,2660
4/27/2022,4.5,4.66,4.5,4.66,4.46,17070
5/4/2022,4.7,4.7,4.7,4.7,4.5,10
5/5/2022,4.7,4.7,4.7,4.7,4.5,50
5/9/2022,4.65,4.65,4.42,4.42,4.22,4030
5/10/2022,4.42,4.5,4.42,4.5,4.3,4990
5/11/2022,4.64,4.64,4.42,4.42,4.22,2180
5/12/2022,4.64,4.64,4.6,4.6,4.4,110
5/13/2022,4.5,4.57,4.38,4.38,4.18,1260
5/16/2022,4.38,4.59,4.38,4.41,4.21,1130
5/17/2022,4.42,4.59,4.42,4.59,4.39,870
5/18/2022,4.5,4.59,4.5,4.59,4.39,450
5/20/2022,4.58,4.59,4.5,4.59,4.39,60
5/23/2022,4.5,4.59,4.5,4.59,4.39,360
5/24/2022,4.59,4.59,4.59,4.59,4.39,190
5/26/2022,4.6,4.6,4.5,4.5,4.3,6030
5/27/2022,4.58,4.58,4.58,4.58,4.38,10
5/31/2022,4.5,4.58,4.5,4.58,4.38,4000
6/6/2022,4.43,4.45,4.42,4.45,4.25,20
6/7/2022,4.45,4.45,4.38,4.38,4.18,1670
6/8/2022,4.38,4.45,4.35,4.45,4.25,5840
6/9/2022,4.45,4.6,4.45,4.45,4.25,490
6/10/2022,4.45,4.45,4.4,4.4,4.2,410
6/13/2022,4.4,4.6,4.31,4.59,4.39,220730
6/14/2022,4.32,4.32,4.32,4.32,4.12,20
6/15/2022,4.57,4.57,4.57,4.57,4.37,10
6/17/2022,4.5,4.5,4.5,4.5,4.3,1380
6/20/2022,4.41,4.41,4.41,4.41,4.21,200
6/21/2022,4.22,4.42,4.22,4.42,4.22,1480
6/22/2022,4.26,4.42,4.26,4.42,4.22,210
6/23/2022,4.33,4.33,4.31,4.31,4.11,530
6/24/2022,4.32,4.32,4.3,4.3,4.1,600
6/27/2022,4.3,4.3,4.3,4.3,4.1,510
6/28/2022,4.3,4.3,4.15,4.3,4.1,920
6/29/2022,4.28,4.34,4.28,4.34,4.14,1060
6/30/2022,4.34,4.34,4.34,4.34,4.14,0
7/1/2022,4.2,4.39,4.18,4.39,4.19,1770
7/5/2022,4.65,4.65,4.65,4.65,4.45,250
7/6/2022,4.58,4.58,4.58,4.58,4.36,2000
7/7/2022,4.57,4.57,4.31,4.57,4.35,160
7/11/2022,4.5,4.64,4.5,4.64,4.42,4780
7/12/2022,4.58,4.58,4.58,4.58,4.36,1350
7/13/2022,4.65,4.65,4.65,4.65,4.43,0
7/14/2022,4.65,4.65,4.65,4.65,4.43,320
7/15/2022,4.7,4.7,4.7,4.7,4.48,50
7/18/2022,4.77,4.77,4.77,4.77,4.55,0
7/19/2022,4.75,4.75,4.75,4.75,4.53,10
7/21/2022,4.75,4.75,4.75,4.75,4.53,530
7/26/2022,4.74,4.74,4.74,4.74,4.52,1700
7/28/2022,4.73,4.73,4.6,4.6,4.38,240
7/29/2022,4.69,4.69,4.6,4.6,4.38,200
8/1/2022,4.63,4.71,4.55,4.7,4.48,2180
8/2/2022,4.6,4.71,4.56,4.71,4.49,2440
8/3/2022,4.75,4.75,4.6,4.7,4.48,2360
8/4/2022,4.75,4.75,4.75,4.75,4.53,10
8/5/2022,4.62,4.74,4.62,4.74,4.52,190
8/8/2022,4.6,4.75,4.6,4.75,4.53,860
8/9/2022,4.62,4.62,4.6,4.6,4.38,4960
8/10/2022,4.6,4.74,4.6,4.74,4.52,130
8/11/2022,4.74,4.84,4.74,4.76,4.54,15070
8/12/2022,4.76,4.84,4.76,4.84,4.62,1060
8/15/2022,4.8,4.8,4.79,4.8,4.58,320
8/16/2022,4.83,4.84,4.8,4.8,4.58,180
8/17/2022,4.84,4.84,4.84,4.84,4.62,10
8/18/2022,4.8,4.83,4.8,4.83,4.61,1630
8/22/2022,4.82,4.84,4.8,4.84,4.62,44730
8/23/2022,4.8,4.8,4.8,4.8,4.58,130
8/24/2022,4.64,4.79,4.64,4.79,4.57,10
8/25/2022,4.78,4.78,4.78,4.78,4.56,10
8/26/2022,4.65,4.84,4.65,4.8,4.58,1050
8/29/2022,4.8,4.8,4.8,4.8,4.58,40
8/30/2022,4.79,4.79,4.79,4.79,4.57,30
8/31/2022,4.8,4.8,4.8,4.8,4.58,0
9/1/2022,4.78,4.78,4.7,4.78,4.56,420
9/2/2022,4.79,5.02,4.79,4.85,4.63,6830
9/5/2022,5.02,5.1,5.02,5.06,4.84,550
9/8/2022,5,5,4.85,4.99,4.77,3210
9/9/2022,5.04,5.04,4.9,4.9,4.68,1920
9/12/2022,4.87,4.9,4.85,4.9,4.68,1650
9/13/2022,4.9,4.9,4.8,4.8,4.58,2880
9/14/2022,4.9,4.95,4.9,4.91,4.69,71580
9/15/2022,4.9,4.9,4.9,4.9,4.68,300
9/16/2022,4.9,4.9,4.86,4.86,4.64,490
9/19/2022,4.85,4.85,4.8,4.8,4.58,870
9/20/2022,4.8,4.8,4.8,4.8,4.58,540
9/21/2022,4.85,4.94,4.85,4.94,4.72,320
9/26/2022,4.86,4.86,4.86,4.86,4.64,200
9/27/2022,4.89,4.89,4.8,4.8,4.58,3900
9/28/2022,4.92,4.92,4.8,4.8,4.58,60
9/29/2022,4.78,4.85,4.75,4.85,4.63,26510
9/30/2022,4.9,4.9,4.9,4.9,4.68,140
10/4/2022,4.8,4.8,4.8,4.8,4.58,1020
10/5/2022,4.82,4.82,4.8,4.8,4.58,1040
10/6/2022,4.83,4.83,4.8,4.8,4.58,630
10/7/2022,4.8,4.83,4.75,4.83,4.61,270
10/10/2022,4.8,4.83,4.8,4.83,4.61,1040
10/12/2022,4.8,4.81,4.8,4.8,4.58,7140
10/13/2022,4.82,4.82,4.82,4.82,4.6,1000
10/14/2022,4.8,4.8,4.8,4.8,4.58,200
10/17/2022,4.8,4.81,4.8,4.8,4.58,1980
10/18/2022,4.79,4.79,4.79,4.79,4.57,100
10/19/2022,4.8,4.8,4.8,4.8,4.58,0
10/20/2022,4.75,4.75,4.74,4.74,4.52,180
10/21/2022,4.75,4.75,4.52,4.58,4.36,21160
10/24/2022,4.57,4.57,4.5,4.5,4.28,13170
10/25/2022,4.5,4.56,4.5,4.56,4.34,15890
10/26/2022,4.5,4.73,4.5,4.73,4.51,2690
11/2/2022,4.5,4.51,4.5,4.5,4.28,2880
11/3/2022,4.5,4.5,4.49,4.5,4.28,1010
11/7/2022,4.46,4.46,4.41,4.41,4.19,4900
11/8/2022,4.41,4.41,4.41,4.41,4.19,4590
11/10/2022,4.65,4.65,4.65,4.65,4.43,0
11/16/2022,4.41,4.41,4.41,4.41,4.19,1070
11/17/2022,4.42,4.59,4.42,4.59,4.37,770
11/18/2022,4.58,4.58,4.49,4.5,4.28,52140
11/21/2022,4.43,4.45,4.43,4.45,4.23,48220
11/22/2022,4.45,4.45,4.45,4.45,4.23,60
11/23/2022,4.55,4.55,4.42,4.54,4.32,350
11/24/2022,4.42,4.42,4.42,4.42,4.2,20
11/25/2022,4.42,4.42,4.42,4.42,4.2,40
11/28/2022,4.42,4.64,4.42,4.52,4.3,24280
11/29/2022,4.65,4.7,4.65,4.65,4.43,90
11/30/2022,4.59,4.59,4.51,4.51,4.29,15860
12/1/2022,4.64,4.64,4.64,4.64,4.42,0
12/2/2022,4.64,4.64,4.64,4.64,4.42,10
12/5/2022,4.6,4.6,4.6,4.6,4.38,410
12/6/2022,4.64,4.73,4.64,4.73,4.51,320
12/7/2022,4.73,4.9,4.67,4.9,4.68,1420
12/8/2022,4.8,4.8,4.8,4.8,4.58,200
12/12/2022,4.8,4.8,4.72,4.72,4.5,93650
12/13/2022,4.81,4.81,4.81,4.81,4.59,10
12/14/2022,4.78,4.8,4.78,4.8,4.58,4020
12/15/2022,4.8,4.8,4.6,4.6,4.38,840
12/16/2022,4.8,4.8,4.5,4.51,4.29,6360
12/19/2022,4.49,4.49,4.45,4.45,4.23,2000
12/20/2022,4.5,4.7,4.43,4.7,4.48,18790
12/29/2022,4.5,4.85,4.5,4.79,4.57,24100
12/30/2022,4.75,4.75,4.75,4.75,4.53,200
1/2/2023,4.75,4.75,4.75,4.75,4.53,6500
1/3/2023,4.69,4.69,4.69,4.69,4.47,0
1/4/2023,4.69,4.69,4.69,4.69,4.47,6580
1/5/2023,4.6,4.6,4.6,4.6,4.38,100
1/6/2023,4.54,4.6,4.52,4.6,4.38,690
1/9/2023,4.55,4.55,4.55,4.55,4.33,2390
1/10/2023,4.56,4.56,4.54,4.55,4.33,11070
1/11/2023,4.47,4.64,4.47,4.64,4.42,22090
1/12/2023,4.55,4.55,4.41,4.54,4.32,610
1/13/2023,4.41,4.54,4.41,4.5,4.28,14240
1/16/2023,4.5,4.54,4.5,4.54,4.32,14300
1/17/2023,4.45,4.45,4.41,4.41,4.19,420
1/18/2023,4.41,4.54,4.41,4.52,4.3,1340
1/19/2023,4.54,4.54,4.54,4.54,4.32,220
1/20/2023,4.54,4.54,4.46,4.54,4.32,1710
1/23/2023,4.5,4.5,4.5,4.5,4.28,100
1/24/2023,4.45,4.45,4.4,4.45,4.23,1680
1/25/2023,4.4,4.4,4.4,4.4,4.18,860
1/26/2023,4.32,4.32,4.25,4.25,4.03,540
1/27/2023,4.3,4.3,4.22,4.23,4.01,450
1/30/2023,4.07,4.4,4.07,4.4,4.18,2100
2/1/2023,4.4,4.4,4.4,4.4,4.18,0
2/2/2023,4.15,4.18,4.15,4.15,3.93,1960
2/3/2023,4.1,4.1,4.1,4.1,3.88,690
2/6/2023,4.1,4.1,4.01,4.1,3.88,810
2/7/2023,4.1,4.1,4.1,4.1,3.88,500
2/9/2023,4,4,4,4,3.78,3220
2/10/2023,4.1,4.1,4.1,4.1,3.88,10
2/13/2023,4.1,4.1,4.1,4.1,3.88,100
2/14/2023,4.02,4.1,4,4.1,3.88,880
2/15/2023,4.2,4.2,4.2,4.2,3.98,10
2/16/2023,4.3,4.37,4.13,4.18,3.96,540
2/20/2023,4.15,4.16,4.05,4.16,3.94,3480
2/22/2023,4.09,4.09,4.08,4.08,3.86,7820
2/23/2023,4.1,4.2,4.1,4.2,3.98,200
2/24/2023,4.11,4.4,4.11,4.4,4.18,3210
2/27/2023,4.38,4.38,4.38,4.38,4.16,10
3/1/2023,4.13,4.37,4.13,4.37,4.15,180
3/2/2023,4.2,4.35,4.13,4.35,4.13,760
3/3/2023,4.2,4.35,4.2,4.35,4.13,1030
3/6/2023,4.27,4.33,4.27,4.33,4.11,800
3/7/2023,4.32,4.38,4.3,4.38,4.16,1370
3/8/2023,4.3,4.38,4.21,4.35,4.13,3780
3/9/2023,4.2,4.2,4.2,4.2,3.98,200
3/10/2023,4.27,4.27,4.27,4.27,4.05,6900
3/15/2023,4.25,4.25,4.25,4.25,4.03,200
3/16/2023,4.28,4.28,4.28,4.28,4.06,0
3/17/2023,4.3,4.3,4.3,4.3,4.08,40
3/21/2023,4.19,4.19,4.19,4.19,3.97,1000
3/22/2023,4.19,4.19,4.18,4.18,3.96,1900
3/24/2023,4.18,4.25,4.18,4.25,4.03,600
3/27/2023,4.21,4.21,4.21,4.21,3.99,1390
3/28/2023,4.18,4.18,4.15,4.18,3.96,19250
3/29/2023,4.16,4.18,4.16,4.18,3.96,280
3/31/2023,4.18,4.18,4.16,4.16,3.94,660
4/3/2023,4.13,4.24,4.1,4.16,3.94,560
4/4/2023,4.24,4.24,4.24,4.24,4.02,10
4/5/2023,4.32,4.38,4.32,4.35,4.13,1240
4/6/2023,4.35,4.35,4.35,4.35,4.13,1490
4/7/2023,4.35,4.35,4.35,4.35,4.13,2670
4/11/2023,4.35,4.35,4.35,4.35,4.13,900
4/13/2023,4.11,4.11,4.11,4.11,3.89,230
4/14/2023,4.3,4.3,4.3,4.3,4.08,10
4/19/2023,4.15,4.15,4.15,4.15,3.93,290
4/20/2023,4.15,4.28,4.15,4.28,4.06,530
4/24/2023,4.11,4.15,4.11,4.15,3.93,980
4/25/2023,4.15,4.26,4.15,4.26,4.04,330
4/27/2023,4.26,4.26,4.26,4.26,4.04,250
4/28/2023,4.13,4.28,4.12,4.28,4.06,210
5/2/2023,4.11,4.12,4.11,4.12,3.9,560
5/3/2023,4.28,4.28,4.28,4.28,4.06,0
5/4/2023,4.28,4.28,4.13,4.25,4.03,70
5/8/2023,4.25,4.25,4.2,4.2,3.98,430
5/9/2023,4.15,4.19,4.11,4.19,3.97,1600
5/10/2023,4.11,4.11,4.1,4.11,3.89,1380
5/11/2023,4.12,4.12,4.1,4.1,3.88,1070
5/12/2023,4.14,4.14,4.1,4.1,3.88,13950
5/17/2023,4.1,4.1,4.1,4.1,3.88,1870
5/18/2023,4.1,4.1,4.05,4.05,3.83,1790
5/19/2023,4.1,4.1,3.94,3.94,3.72,5650
5/22/2023,4.1,4.1,4.1,4.1,3.88,0
5/23/2023,4.1,4.1,4.1,4.1,3.88,740
5/24/2023,4.1,4.1,4.1,4.1,3.88,100
5/25/2023,3.94,4.1,3.94,4.1,3.88,2570
5/26/2023,4.09,4.1,4.09,4.1,3.88,500
5/29/2023,4.09,4.09,4.05,4.05,3.83,760
5/30/2023,4.04,4.05,3.92,4.05,3.83,4020
5/31/2023,3.95,3.96,3.95,3.95,3.73,840
6/1/2023,4.18,4.18,4.18,4.18,3.96,4610
6/2/2023,4.01,4.25,4.01,4.25,4.03,23700
6/5/2023,4.25,4.25,4.25,4.25,4.03,200
6/6/2023,4.18,4.18,4.17,4.18,3.96,850
6/8/2023,4.18,4.18,4.18,4.18,3.96,500
6/9/2023,4.18,4.18,4.18,4.18,3.96,1000
6/12/2023,4.18,4.18,4.18,4.18,3.96,400
6/13/2023,4.15,4.18,4.15,4.18,3.96,1940
6/14/2023,4.18,4.18,4.18,4.18,3.96,1120
6/15/2023,4.15,4.18,4.1,4.18,3.96,3710
6/16/2023,4.1,4.1,4.1,4.1,3.88,650
6/19/2023,4.1,4.1,4.05,4.05,3.83,590
6/21/2023,4.1,4.29,4.07,4.27,4.05,2610
6/22/2023,4.15,4.25,4.15,4.25,4.03,570
6/27/2023,4.25,4.25,4.2,4.2,3.98,780
6/30/2023,4.25,4.29,4.25,4.29,4.07,120
7/4/2023,4.28,4.28,4.28,4.28,4.06,2000
7/6/2023,4.25,4.25,4.25,4.25,4.03,70
7/7/2023,4.25,4.25,4.2,4.25,4.03,200
7/10/2023,4.25,4.25,4.25,4.25,4.03,120
7/11/2023,4.15,4.25,4.15,4.25,4.03,2170
7/12/2023,4.29,4.4,4.29,4.4,4.18,6120
7/13/2023,4.25,4.4,4.25,4.4,4.18,8660
7/14/2023,4.43,4.45,4.43,4.45,4.23,3100
7/17/2023,4.37,4.55,4.37,4.55,4.33,28780
7/18/2023,4.5,4.5,4.5,4.5,4.28,1150
7/20/2023,4.55,4.66,4.55,4.65,4.43,23610
7/21/2023,4.65,4.7,4.6,4.6,4.38,8410
7/24/2023,4.6,4.7,4.6,4.7,4.48,21940
7/26/2023,4.75,4.75,4.75,4.75,4.53,13500
7/27/2023,4.8,4.8,4.77,4.77,4.55,7450
7/28/2023,4.85,4.88,4.7,4.85,4.63,2230
7/31/2023,4.85,4.85,4.8,4.8,4.58,12110
8/1/2023,4.85,4.85,4.85,4.85,4.63,100
8/8/2023,4.75,4.75,4.75,4.75,4.53,0
8/9/2023,4.7,4.7,4.61,4.61,4.39,11870
8/11/2023,4.52,4.62,4.52,4.62,4.4,50
8/14/2023,4.45,4.45,4.45,4.45,4.23,1500
8/15/2023,4.65,4.65,4.45,4.45,4.23,1630
8/18/2023,4.4,4.45,4.4,4.45,4.23,140
8/21/2023,4.45,4.5,4.45,4.5,4.28,660
8/22/2023,4.65,4.65,4.5,4.5,4.28,33990
8/23/2023,4.57,4.65,4.57,4.65,4.43,10900
8/24/2023,4.65,4.65,4.65,4.65,4.43,10
8/28/2023,4.65,4.65,4.65,4.65,4.43,50
8/29/2023,4.69,4.69,4.6,4.6,4.38,190
8/30/2023,4.6,4.6,4.6,4.6,4.38,5660
8/31/2023,4.65,4.65,4.6,4.6,4.38,360
9/1/2023,4.85,4.85,4.6,4.6,4.38,720
9/4/2023,4.6,4.6,4.5,4.5,4.28,580
9/5/2023,4.4,4.4,4.35,4.35,4.13,1500
9/6/2023,4.2,4.35,4.2,4.35,4.13,3260
9/8/2023,4.35,4.4,4.35,4.4,4.18,1060
9/11/2023,4.35,4.35,4.35,4.35,4.13,220
9/12/2023,4.3,4.3,4.3,4.3,4.08,70
9/14/2023,4.29,4.29,4.29,4.29,4.07,2880
9/15/2023,4.25,4.25,4.25,4.25,4.03,150
9/18/2023,4.25,4.25,4.25,4.25,4.03,250
9/19/2023,4.25,4.5,4.25,4.5,4.28,6800
9/21/2023,4.5,4.5,4.5,4.5,4.28,1290
9/25/2023,4.5,4.5,4.5,4.5,4.28,40
9/26/2023,4.49,4.49,4.41,4.41,4.19,3070
9/29/2023,4.32,4.5,4.32,4.5,4.28,1340
10/2/2023,4.7,4.7,4.7,4.7,4.48,0
10/3/2023,4.61,4.61,4.52,4.52,4.3,5520
10/4/2023,4.52,4.61,4.52,4.61,4.39,4930
10/5/2023,4.69,4.69,4.69,4.69,4.47,0
10/6/2023,4.52,4.52,4.51,4.52,4.3,5990
10/10/2023,4.6,4.6,4.52,4.6,4.38,760
10/11/2023,4.52,4.52,4.52,4.52,4.3,2930
10/12/2023,4.52,4.52,4.52,4.52,4.3,6370
10/17/2023,4.52,4.52,4.52,4.52,4.3,3600
10/18/2023,4.53,4.53,4.52,4.52,4.3,7230
10/20/2023,4.53,4.55,4.52,4.52,4.3,500
10/23/2023,4.55,4.55,4.55,4.55,4.33,0
10/24/2023,4.52,4.55,4.52,4.52,4.3,12260
10/25/2023,4.52,4.6,4.52,4.6,4.38,2780
10/26/2023,4.52,4.6,4.52,4.6,4.38,7090
10/27/2023,4.53,4.62,4.53,4.62,4.4,380
10/30/2023,4.62,4.62,4.55,4.55,4.33,1070
10/31/2023,4.55,4.55,4.55,4.55,4.33,100
11/1/2023,4.69,4.69,4.55,4.55,4.33,2000
11/2/2023,4.65,4.65,4.52,4.62,4.4,50
11/3/2023,4.65,4.65,4.65,4.65,4.43,0
11/6/2023,4.5,4.59,4.5,4.59,4.37,3000
11/8/2023,4.65,4.69,4.65,4.69,4.47,5670
11/9/2023,4.69,4.69,4.69,4.69,4.47,110
11/10/2023,4.65,4.69,4.65,4.66,4.44,5860
11/13/2023,4.65,4.7,4.65,4.7,4.48,5400
11/14/2023,4.7,4.7,4.7,4.7,4.48,2470
11/15/2023,4.72,4.75,4.72,4.72,4.5,4680
11/16/2023,4.72,4.8,4.7,4.8,4.58,15520
11/17/2023,4.85,4.85,4.79,4.8,4.58,340
11/21/2023,4.71,4.83,4.71,4.8,4.58,2870
11/23/2023,4.8,4.83,4.8,4.83,4.61,1000
11/24/2023,4.83,4.84,4.83,4.83,4.61,3360
11/27/2023,4.83,4.83,4.83,4.83,4.61,2900
11/29/2023,4.74,4.75,4.74,4.74,4.52,3570
11/30/2023,4.75,4.8,4.75,4.8,4.58,680
12/1/2023,4.7,4.85,4.7,4.85,4.63,660
12/4/2023,4.8,4.8,4.8,4.8,4.58,2000
12/5/2023,4.8,4.8,4.8,4.8,4.58,600
