Date	Close	Open	High	Low	Volume	Adj Close
12/8/2014	21	21	21	21	80	19.8
12/9/2014	21.39	21.39	21.39	21	30	20.19
12/10/2014	21.35	20.82	21.35	20.82	40	20.15
12/11/2014	21.39	20.81	21.39	20.81	10	20.19
12/12/2014	20.8	20.81	20.81	20.8	850	19.6
12/16/2014	21.42	21.4	21.42	20.76	2560	20.22
12/17/2014	21.42	21.41	21.5	21.41	1840	20.22
12/18/2014	22.72	21.42	22.72	21.42	2810	21.52
12/19/2014	24.1	22.99	24.1	22.99	3370	22.9
12/22/2014	25.56	24.5	25.56	24.15	9550	24.36
12/23/2014	27.11	26	27.11	25.9	5700	25.91
12/24/2014	28.76	27.4	28.76	27.12	17730	27.56
12/25/2014	28.7	29.5	29.5	28.64	12700	27.5
12/26/2014	28.4	28.22	28.7	28.2	3220	27.2
12/29/2014	28.4	28.5	28.5	27.85	380	27.2
12/30/2014	27.55	28.19	28.19	27.55	790	26.35
12/31/2014	26.32	26.32	27.5	26.32	2280	25.12
1/5/2015	27.79	26.99	27.79	26.98	400	26.59
1/6/2015	27.78	27.78	27.79	27.78	250	26.58
1/7/2015	27.75	27.74	27.75	27.7	500	26.55
1/8/2015	27.74	27.7	27.74	27.7	390	26.54
1/9/2015	26.5	26.5	26.51	26.5	980	25.3
1/12/2015	27.29	26.98	27.29	26.9	1110	26.09
1/15/2015	26.48	26.5	26.5	26.48	2650	25.28
1/16/2015	26.2	27.09	27.2	25.7	1310	25
1/19/2015	25.6	26.2	26.2	25.6	1680	24.4
1/20/2015	26.32	25.55	26.32	24.84	2230	25.12
1/21/2015	26.29	26.29	26.29	26.29	50	25.09
1/22/2015	26.1	26.09	26.1	26.09	200	24.9
1/23/2015	26.32	25.33	26.32	25.32	1710	25.12
1/26/2015	26.28	26.3	26.3	25.54	2520	25.08
1/28/2015	26	26	26	26	150	24.8
1/29/2015	25.98	24.78	25.99	24.78	1580	24.78
1/30/2015	25.21	25.21	25.21	25.21	10	24.01
2/2/2015	25	25.21	25.21	25	60	23.8
2/3/2015	25.75	25.75	25.75	24.78	430	24.55
2/5/2015	23.51	23.51	23.52	23.51	400	22.31
2/6/2015	23.6	23.6	23.62	23.6	160	22.4
2/9/2015	23.21	23.21	23.4	23.21	6530	22.01
2/10/2015	22.52	23.21	23.21	22.52	200	21.32
2/11/2015	22.52	22.52	22.52	22.51	230	21.32
2/12/2015	23.19	23.19	23.19	23.19	320	21.99
2/13/2015	22.52	23.19	23.19	22.5	1730	21.32
2/16/2015	23.19	22.52	23.19	22.52	920	21.99
2/17/2015	23.88	23.87	23.88	23.87	210	22.68
2/18/2015	23.86	23.89	23.9	23.86	160	22.66
2/19/2015	24	23.99	24	23.99	200	22.8
2/24/2015	23.89	23.89	23.89	23.89	10	22.69
2/25/2015	24.6	23.89	24.6	23.89	450	23.4
2/26/2015	26.06	24.6	26.06	24	4660	24.86
2/27/2015	27	26.7	27.23	26	3290	25.8
3/2/2015	27.49	27.49	27.49	27.49	300	26.29
3/3/2015	27.1	27.1	27.1	27.1	50	25.9
3/4/2015	27.45	27.1	27.45	27.1	300	26.25
3/5/2015	26	26.63	26.63	26	170	24.8
3/6/2015	26.75	26.75	26.75	26.75	0	25.55
3/9/2015	25.95	25.96	25.96	25.95	230	24.75
3/10/2015	25.95	25.95	25.95	25.95	300	24.75
3/11/2015	25.81	25.81	25.81	25.81	40	24.61
3/12/2015	26.58	26	26.58	26	720	25.38
3/16/2015	26.49	25.79	26.49	25.79	1710	25.29
3/17/2015	26.49	26.49	26.49	26.49	80	25.29
3/18/2015	25.8	26.49	26.49	25.7	3000	24.6
3/23/2015	25.22	26	26	25.22	740	24.02
3/24/2015	24.13	25.03	25.03	24.13	110	22.93
3/25/2015	25.53	24.79	25.53	24.28	210	24.33
3/26/2015	25.97	25.53	25.97	25.53	170	24.77
3/27/2015	26.74	25.97	26.74	25.97	480	25.54
3/30/2015	26.68	26.2	26.68	26.2	880	25.48
3/31/2015	26.7	26.7	26.7	26.7	520	25.5
4/1/2015	26.5	26.7	26.7	26.35	770	25.3
4/2/2015	25.71	25.71	25.71	25.71	370	24.51
4/3/2015	25	25.6	25.6	25	150	23.8
4/6/2015	25.74	25	25.74	25	520	24.54
4/7/2015	26.33	25.99	26.33	25.99	200	25.13
4/8/2015	26.33	26.33	26.33	26.33	70	25.13
4/10/2015	26.33	26.3	26.33	26.3	100	25.13
4/14/2015	26	25.55	26	25.55	100	24.8
4/16/2015	25.98	25.98	25.98	25.98	100	24.78
4/21/2015	25.97	25.9	25.98	25.9	300	24.77
4/22/2015	25.2	25.2	25.2	25.2	380	24
4/23/2015	25.3	25.3	25.3	25.3	30	24.1
4/24/2015	25.3	25.3	25.3	25.3	10	24.1
4/27/2015	25	24.99	25.7	24.97	2300	23.8
4/28/2015	25.69	25.69	25.69	25.69	30	24.49
5/4/2015	26.46	25.68	26.46	25.68	2370	25.26
5/5/2015	27.24	26.5	27.24	26.5	140	26.04
5/6/2015	27.26	27.25	27.26	27.24	5460	26.06
5/7/2015	28	27	28	27	1240	26.8
5/8/2015	28.65	28	28.65	28	4900	27.45
5/11/2015	29.1	28.63	29.1	27.78	25070	27.9
5/12/2015	29.09	29.34	29.34	28.47	4710	27.89
5/15/2015	28.45	28.45	28.45	28.45	770	27.25
5/19/2015	28.49	27.65	28.49	27.64	50	27.29
5/20/2015	27.6	27.6	28.41	27.6	710	26.4
5/21/2015	27.6	28.29	28.29	27.6	520	26.4
5/22/2015	28.14	28.14	28.14	28.14	160	26.94
5/25/2015	27.4	28	28	27.4	340	26.2
5/26/2015	27.4	27.4	27.4	27.4	40	26.2
5/27/2015	27.45	27.45	27.45	27.45	1600	26.25
5/28/2015	27.35	27.35	27.35	27.35	1610	26.15
5/29/2015	27.3	27.3	27.3	27.3	170	26.1
6/2/2015	27.9	27.1	27.9	27.1	260	26.7
6/3/2015	27.2	27.48	27.48	27.2	130	26
6/4/2015	27	27	27	27	100	25.8
6/8/2015	27.2	26.49	27.2	26.19	1300	26
6/9/2015	26.7	27.28	27.28	26.7	110	25.5
6/10/2015	27.1	27.1	27.1	27.1	100	25.9
6/12/2015	26.98	26.29	26.98	26.29	230	25.78
6/16/2015	26.98	26.98	26.98	26.98	0	25.78
6/17/2015	26.98	26.98	26.98	26.98	10	25.78
6/18/2015	26.18	26.5	26.5	26.18	110	24.98
6/19/2015	26.94	26.5	26.95	26.5	400	25.74
6/22/2015	26.14	26.14	26.14	26.14	1200	24.94
6/23/2015	26.24	26.26	26.26	26.24	290	25.04
6/24/2015	26.24	26.24	26.24	26.24	30	25.04
6/25/2015	21.92	21.42	21.92	21.42	650	20.72
6/26/2015	22.32	21.28	22.58	21.28	60	21.12
6/29/2015	22.89	21.66	22.89	21.66	410	21.69
6/30/2015	22.21	23.29	23.33	22.21	300	21.01
7/1/2015	22.21	22.21	22.21	22.21	1820	21.01
7/2/2015	21.76	21.76	21.76	21.76	30	20.56
7/3/2015	21.76	21.77	21.77	21.76	820	20.56
7/6/2015	22.41	22.4	22.41	22.4	50	21.21
7/8/2015	22.84	22.84	22.84	22.84	10	21.64
7/10/2015	22.52	22.52	22.52	22.52	0	21.32
7/13/2015	22.52	22.51	22.52	22.51	2230	21.32
7/20/2015	22.4	22.4	22.4	22.4	10	21.2
7/28/2015	22.1	22.1	22.1	22.1	560	20.9
7/29/2015	21.66	22.1	22.1	21.66	80	20.46
7/30/2015	22.02	21.66	22.02	21.66	1190	20.82
7/31/2015	22.1	22.1	22.1	22.1	110	20.9
8/17/2015	22.1	22.1	22.1	22.1	590	20.9
8/20/2015	22.07	21.44	22.07	21.44	150	20.87
8/21/2015	22.07	22.07	22.07	22.07	170	20.87
8/24/2015	22.73	22.18	22.73	22.18	350	21.53
8/27/2015	22.27	22.27	22.27	22.27	10	21.07
9/2/2015	22.22	22.22	22.22	22.22	20	21.02
9/3/2015	21.25	21.5	21.5	21.25	110	20.05
9/4/2015	21.25	21.25	21.25	21.25	680	20.05
9/7/2015	20.61	20.82	20.82	20.61	30	19.41
9/8/2015	20.61	20.61	20.61	20.61	180	19.41
9/10/2015	20.4	20.4	20.4	20.4	800	19.2
9/11/2015	20.4	20.4	20.4	20.4	330	19.2
9/14/2015	19.79	19.99	19.99	19.79	20	18.59
9/16/2015	19.79	19.79	19.79	19.79	30	18.59
9/21/2015	19.72	19.72	19.72	19.72	180	18.52
9/29/2015	19.72	19.64	19.72	19.64	50	18.52
10/2/2015	19.98	19.72	19.98	19.72	90	18.78
10/12/2015	19.54	19.19	19.54	19.08	120	18.34
10/13/2015	19.08	19.08	19.08	19.08	40	17.88
10/16/2015	19.54	19.54	19.54	19.54	10	18.34
10/21/2015	18.96	18.96	18.96	18.96	40	17.76
10/28/2015	19.38	19.38	19.38	19.38	0	18.18
10/30/2015	18.8	18.8	18.8	18.8	40	17.6
11/9/2015	18.4	19.3	19.3	18.4	30	17.2
11/10/2015	17.86	18.24	18.24	17.86	280	16.66
11/11/2015	17.32	17.32	17.32	17.32	1720	16.12
11/12/2015	16.57	17	17	16.57	1460	15.37
11/13/2015	16.98	16.49	16.98	16.32	5500	15.78
11/16/2015	17.25	16.81	17.25	16.81	190	16.05
11/19/2015	16.83	16.87	16.87	16.83	630	15.63
11/20/2015	16.83	16.83	16.83	16.83	240	15.63
11/23/2015	16.49	16.49	16.49	16.49	30	15.29
11/24/2015	16.57	16.57	16.57	16.57	350	15.37
11/25/2015	16.57	16.57	16.57	16.57	470	15.37
11/26/2015	17.07	16.57	17.07	16.57	1540	15.87
11/27/2015	17.77	17.25	17.77	17.25	140	16.57
11/30/2015	17.43	17.24	17.43	17.24	70	16.23
12/1/2015	17.94	17.94	17.94	17.94	50	16.74
12/2/2015	18.27	18.27	18.27	18.27	950	17.07
12/3/2015	18.7	18.49	18.7	18.49	180	17.5
12/4/2015	18.7	18.7	19.26	18.7	2830	17.5
12/7/2015	19.24	19.26	19.26	18.45	12190	18.04
12/8/2015	19.32	19.33	19.33	18.7	4450	18.12
12/9/2015	18.95	19.33	19.33	18.74	660	17.75
12/10/2015	18.93	18.93	18.93	18.39	820	17.73
12/11/2015	18.92	18.92	18.92	18.92	20	17.72
12/14/2015	19.29	18.79	19.29	18.79	900	18.09
12/15/2015	18.93	18.71	18.93	18.71	340	17.73
12/16/2015	18.7	18.37	18.7	18.37	110	17.5
12/17/2015	18.84	18.7	18.85	18.7	4720	17.64
12/18/2015	18.82	18.82	18.82	18.82	180	17.62
12/23/2015	18.82	18.81	18.82	18.81	3820	17.62
12/28/2015	18.86	18.61	18.86	18.61	870	17.66
12/29/2015	18.83	18.86	18.86	18.3	70	17.63
12/30/2015	18.68	18.27	18.68	18.27	130	17.48
12/31/2015	18.69	18.13	18.7	18.13	340	17.49
1/4/2016	18.14	18.14	18.14	18.14	40	16.94
1/5/2016	17.59	17.61	17.61	17.59	380	16.39
1/7/2016	17.43	17.43	17.43	17.09	260	16.23
1/8/2016	16.91	17.43	17.43	16.91	3220	15.71
1/11/2016	16.57	16.57	16.58	16.57	310	15.37
1/12/2016	16.9	16.32	17	16.08	3690	15.7
1/13/2016	16.89	16.89	16.89	16.89	110	15.69
1/15/2016	15.98	16.07	16.28	15.91	1080	14.78
1/18/2016	15.98	15.81	16.66	15.81	1740	14.78
1/19/2016	16.46	16.46	16.46	16.46	10	15.26
1/20/2016	15.89	15.98	15.98	15.89	2710	14.69
1/21/2016	15.98	16.44	16.44	15.98	350	14.78
1/22/2016	15.67	16.14	16.14	15.67	550	14.47
1/25/2016	15.6	15.2	15.6	15.2	23620	14.4
1/26/2016	15.62	15.6	15.62	15.13	23230	14.42
1/27/2016	15.58	15.63	15.63	15.27	1360	14.38
1/28/2016	15.53	15.3	15.54	15.27	7100	14.33
1/29/2016	15.56	15.3	15.56	15.3	310	14.36
2/1/2016	15.59	15.31	15.59	15.3	3240	14.39
2/2/2016	15.64	15.33	15.64	15.3	11720	14.44
2/3/2016	15.38	15.67	15.67	15.33	400	14.18
2/4/2016	15.81	15.67	15.81	15.67	1340	14.61
2/5/2016	15.8	15.68	15.8	15.68	90	14.6
2/8/2016	15.8	16.26	16.26	15.78	240	14.6
2/9/2016	16.15	16.15	16.15	16.15	0	14.95
2/10/2016	15.67	15.67	15.67	15.67	640	14.47
2/11/2016	16.12	16.12	16.12	16.12	10	14.92
2/12/2016	16.01	15.64	16.04	15.64	70	14.81
2/15/2016	15.54	15.55	15.55	15.54	220	14.34
2/16/2016	15.72	15.93	15.93	15.72	300	14.52
2/17/2016	15.71	15.45	15.71	15.35	960	14.51
2/18/2016	15.67	15.64	15.69	15.34	10770	14.47
2/19/2016	15.63	15.38	15.63	15.25	24680	14.43
2/22/2016	15.46	15.22	15.46	15.22	2270	14.26
2/23/2016	15.45	15.01	15.45	15	550	14.25
2/24/2016	15.45	15.45	15.63	15.21	460	14.25
2/25/2016	15.01	15.13	15.13	14.99	3660	13.81
2/26/2016	15.61	15.62	15.62	14.88	350	14.41
2/29/2016	15.3	15.3	15.3	15.3	30	14.1
3/1/2016	15.3	15.3	15.3	15.3	1900	14.1
3/2/2016	15.72	15.3	15.72	15.3	8830	14.52
3/3/2016	15.3	15.26	15.3	15.26	5530	14.1
3/4/2016	15.71	15.3	15.71	15.3	1340	14.51
3/7/2016	15.34	15.64	15.64	15.3	5960	14.14
3/8/2016	15.72	15.38	15.72	15.3	240	14.52
3/9/2016	15.38	15.7	15.7	15.38	1180	14.18
3/10/2016	15.3	15.3	15.31	15.3	1070	14.1
3/11/2016	15.47	15.46	15.47	15.3	500	14.27
3/14/2016	15.62	15.62	15.62	15.62	950	14.42
3/15/2016	15.39	15.32	15.62	15.3	5960	14.19
3/16/2016	15.64	15.69	15.69	15.63	380	14.44
3/17/2016	15.39	15.39	15.39	15.38	1610	14.19
3/18/2016	15.55	15.4	15.85	15.38	3850	14.35
3/21/2016	16.01	16.01	16.17	16.01	420	14.81
3/22/2016	16.01	15.85	16.14	15.85	1000	14.81
3/23/2016	16.36	16.23	16.41	15.76	920	15.16
3/24/2016	15.99	15.98	16.23	15.98	20	14.79
3/25/2016	15.98	16.15	16.15	15.74	320	14.78
3/28/2016	16.07	16.22	16.22	15.98	1290	14.87
3/29/2016	15.99	16.22	16.22	15.98	130	14.79
3/30/2016	15.89	15.98	15.98	15.81	1610	14.69
3/31/2016	15.55	15.82	15.82	15.55	9160	14.35
4/1/2016	15.82	15.72	15.82	15.72	1430	14.62
4/4/2016	15.65	16.01	16.01	15.65	1890	14.45
4/5/2016	15.65	15.65	15.65	15.65	210	14.45
4/6/2016	15.65	15.66	15.66	15.65	2840	14.45
4/7/2016	15.64	15.65	15.65	15.64	3060	14.44
4/8/2016	15.89	15.61	15.89	15.61	200	14.69
4/11/2016	16.15	15.64	16.15	15.64	4340	14.95
4/12/2016	16.05	16.14	16.14	15.67	670	14.85
4/13/2016	15.85	16.04	16.04	15.85	1780	14.65
4/14/2016	15.85	16.21	16.21	15.61	280	14.65
4/15/2016	15.61	15.61	15.61	15.61	140	14.41
4/18/2016	15.61	15.72	15.72	15.59	2330	14.41
4/19/2016	16.06	16.06	16.06	16.06	0	14.86
4/21/2016	15.59	16.14	16.14	15.59	250	14.39
4/22/2016	16.06	16.06	16.06	16.06	0	14.86
4/25/2016	16.01	16.05	16.05	16.01	10	14.81
4/26/2016	15.54	15.55	15.55	15.54	580	14.34
4/27/2016	15.98	15.98	15.98	15.98	10	14.78
4/28/2016	15.58	15.58	15.58	15.58	120	14.38
4/29/2016	15.26	15.58	15.58	15.26	390	14.06
5/2/2016	15.51	15.3	15.51	15.3	1140	14.31
5/3/2016	15.51	15.51	15.51	15.51	20	14.31
5/6/2016	15.3	15.3	15.3	15.3	80	14.1
5/9/2016	16.21	15.51	16.21	15.51	9130	15.01
5/10/2016	16.83	16.62	16.83	16.62	5590	15.63
5/11/2016	16.75	16.87	16.87	16.75	1950	15.55
5/12/2016	16.32	16.75	16.75	16.24	1920	15.12
5/13/2016	16.12	16.12	16.12	16.12	70	14.92
5/16/2016	15.81	15.82	15.82	15.81	720	14.61
5/17/2016	15.81	15.63	15.81	15.63	6840	14.61
5/18/2016	16.11	15.8	16.11	15.8	1490	14.91
5/19/2016	16.49	16.28	16.49	16.15	980	15.29
5/20/2016	17	16.8	17	16.75	19850	15.8
5/23/2016	17.1	17	17.1	17	3350	15.9
5/24/2016	16.98	17	17	16.63	540	15.78
5/25/2016	17	16.57	17.09	16.57	1830	15.8
5/26/2016	16.95	16.95	16.95	16.95	820	15.75
5/27/2016	16.79	16.91	16.94	16.79	2630	15.59
5/30/2016	16.79	16.79	16.79	16.79	1330	15.59
5/31/2016	16.62	16.62	16.79	16.62	360	15.42
6/1/2016	17	16.67	17.1	16.67	12100	15.8
6/2/2016	17.33	17.01	17.33	17.01	1490	16.13
6/3/2016	17.01	17.33	17.33	17.01	400	15.81
6/7/2016	17.3	17.32	17.33	17.3	100	16.1
6/8/2016	17.43	17.3	17.43	17.17	5950	16.23
6/9/2016	17.34	17.34	17.85	17.34	1190	16.14
6/10/2016	18.27	17.85	18.27	17.84	16810	17.07
6/13/2016	18.61	18.27	18.69	18.27	7120	17.41
6/14/2016	18.61	18.37	18.69	18.37	4310	17.41
6/15/2016	17.84	17.84	17.84	17.84	10	16.44
6/16/2016	17.42	17.31	17.42	17.31	410	16.02
6/20/2016	16.07	16.47	16.47	16.02	1270	14.67
6/21/2016	15.98	15.98	15.98	15.89	620	14.58
6/22/2016	15.64	15.81	16.13	15.64	1990	14.24
6/23/2016	15.65	16.06	16.06	15.65	70	14.25
6/24/2016	16.15	15.68	16.15	15.68	17620	14.75
6/27/2016	16.15	16.32	16.32	16.15	670	14.75
6/28/2016	16.46	15.73	16.63	15.73	950	15.06
6/29/2016	16.07	15.98	16.95	15.98	130	14.67
6/30/2016	16.12	16.12	16.12	16.12	20	14.72
7/1/2016	15.78	15.72	16.6	15.72	720	14.38
7/4/2016	16.25	16.24	16.71	16.24	460	14.85
7/8/2016	15.89	15.81	15.89	15.81	60	14.49
7/11/2016	16.37	15.81	16.37	15.81	50	14.97
7/12/2016	16.86	15.97	16.86	15.97	900	15.46
7/13/2016	16.42	16.42	16.42	16.42	10	15.02
7/14/2016	16.42	16.41	16.75	15.97	4470	15.02
7/15/2016	16.32	16.75	16.75	16.32	190	14.92
7/18/2016	15.97	16.32	16.32	15.97	230	14.57
7/19/2016	15.98	15.97	15.98	15.97	1880	14.58
7/20/2016	16.32	15.98	16.41	15.98	1110	14.92
7/21/2016	15.98	15.98	15.98	15.98	0	14.58
7/22/2016	15.98	15.98	15.98	15.98	0	14.58
7/26/2016	16.15	16.15	16.15	16.15	180	14.75
7/27/2016	15.98	15.98	15.98	15.98	0	14.58
7/28/2016	16.07	16.04	16.07	16.04	160	14.67
7/29/2016	16.07	16.07	16.07	16.07	60	14.67
8/1/2016	16.15	16.07	16.15	16.07	210	14.75
8/2/2016	16.15	16.15	16.15	16.15	1040	14.75
8/3/2016	16.16	16.07	16.16	16.07	1500	14.76
8/4/2016	16.23	16.23	16.23	16.23	760	14.83
8/5/2016	16.41	16.41	16.41	16.41	30	15.01
8/8/2016	16.57	16.41	16.57	16.41	790	15.17
8/9/2016	16.57	16.09	16.57	16.09	3360	15.17
8/10/2016	16.49	16.09	16.57	16.09	60	15.09
8/11/2016	16.57	16.41	16.57	16.15	1540	15.17
8/12/2016	16.56	16.56	16.56	16.56	20	15.16
8/16/2016	16.52	16.52	16.52	16.52	20	15.12
8/17/2016	16.52	16.52	16.52	16.52	0	15.12
8/18/2016	16.41	16.15	16.41	16.12	340	15.01
8/19/2016	16.15	16.4	16.41	16.15	3170	14.75
8/22/2016	16.15	16.15	16.15	16.15	3840	14.75
8/23/2016	16.15	16.15	16.15	16.15	1130	14.75
8/25/2016	16.15	16.15	16.15	16.15	850	14.75
8/26/2016	16.56	16.15	16.56	16.15	3250	15.16
8/29/2016	16.56	16.17	16.56	16.15	4130	15.16
8/30/2016	16.56	16.07	16.56	16.07	120	15.16
8/31/2016	16.56	16.56	16.56	16.56	110	15.16
9/1/2016	16.56	16.55	16.56	16.55	590	15.16
9/2/2016	16.56	16.15	16.56	16.15	250	15.16
9/5/2016	16.53	16.16	16.53	16.16	1040	15.13
9/7/2016	16.53	16.53	16.53	16.53	240	15.13
9/8/2016	16.52	16.52	16.52	16.18	190	15.12
9/9/2016	16.52	16.11	16.52	16.11	190	15.12
9/15/2016	16.15	16.49	16.49	16.15	9840	14.75
9/16/2016	16.07	16.07	16.08	16.07	7880	14.67
9/19/2016	16.05	16.07	16.07	16.02	7980	14.65
9/20/2016	16.15	16.05	16.15	16.05	100	14.75
9/21/2016	16.07	16.07	16.07	16.07	180	14.67
9/22/2016	16.48	16.15	16.48	16.15	350	15.08
9/23/2016	16.48	16.23	16.48	16.23	190	15.08
9/27/2016	16.32	16.31	16.32	16.15	2200	14.92
9/28/2016	16.52	16.52	16.52	16.52	0	15.12
9/29/2016	16.51	16.15	16.51	16.15	380	15.11
9/30/2016	16.49	16.13	16.49	16.13	290	15.09
10/4/2016	16.15	16.14	16.15	16.14	4380	14.75
10/5/2016	16.15	16.15	16.15	16.15	2810	14.75
10/6/2016	16.15	16.15	16.15	16.15	500	14.75
10/7/2016	16.15	16.15	16.15	16.15	110	14.75
10/10/2016	16.14	15.98	16.14	15.98	1180	14.74
10/11/2016	15.72	15.98	15.98	15.72	680	14.32
10/12/2016	15.98	15.98	15.98	15.98	60	14.58
10/13/2016	15.81	15.72	15.81	15.72	1490	14.41
10/14/2016	16.13	15.81	16.14	15.81	120	14.73
10/17/2016	15.73	15.73	15.73	15.73	60	14.33
10/19/2016	16.13	15.74	16.13	15.74	50	14.73
10/20/2016	15.81	15.74	16.13	15.74	1420	14.41
10/21/2016	15.81	15.85	15.85	15.81	2620	14.41
10/24/2016	16.02	16.02	16.02	16.02	20	14.62
10/25/2016	16.02	15.86	16.02	15.86	60	14.62
10/26/2016	16.14	16.14	16.14	16.14	10	14.74
10/27/2016	15.89	15.89	15.89	15.89	10	14.49
10/31/2016	15.85	15.85	15.85	15.85	50	14.45
11/1/2016	15.81	15.85	15.85	15.81	280	14.41
11/2/2016	16.12	15.81	16.12	15.81	790	14.72
11/3/2016	16.12	16.12	16.12	16.12	20	14.72
11/7/2016	15.72	15.77	15.77	15.72	13660	14.32
11/8/2016	15.98	15.94	15.98	15.73	60	14.58
11/9/2016	15.98	16.12	16.12	15.94	310	14.58
11/10/2016	15.81	15.98	15.98	15.81	1540	14.41
11/11/2016	15.98	15.81	15.98	15.81	640	14.58
11/16/2016	16.14	15.77	16.14	15.77	4880	14.74
11/17/2016	16.15	16.14	16.41	16.14	5110	14.75
11/18/2016	16.15	15.95	16.15	15.95	3720	14.75
11/21/2016	15.94	15.95	15.95	15.81	3010	14.54
11/22/2016	15.81	15.81	15.86	15.81	4120	14.41
11/23/2016	15.81	15.81	15.81	15.55	700	14.41
11/24/2016	15.81	15.81	16.12	15.81	1920	14.41
11/25/2016	16.13	16.13	16.13	16.13	0	14.73
11/28/2016	15.88	15.89	15.89	15.86	2050	14.48
11/29/2016	16.12	16.11	16.12	16.11	30	14.72
11/30/2016	16.11	16.1	16.11	16.1	470	14.71
12/1/2016	16.15	16.07	16.15	16.07	8530	14.75
12/2/2016	16.15	16.15	16.15	16.15	820	14.75
12/5/2016	16.23	16.23	16.23	16.23	30	14.83
12/6/2016	16.19	16.15	16.23	16.15	1880	14.79
12/7/2016	16.23	16.19	16.23	15.99	1720	14.83
12/13/2016	16.23	16.23	16.27	16.23	1250	14.83
12/14/2016	15.76	15.76	15.78	15.76	3580	14.36
12/16/2016	16.23	15.77	16.23	15.77	410	14.83
12/19/2016	16.23	15.75	16.23	15.75	220	14.83
12/20/2016	16.23	16.23	16.23	16.23	180	14.83
12/22/2016	16.63	16.27	16.63	16.27	330	15.23
12/23/2016	16.62	16.62	16.62	16.62	60	15.22
12/27/2016	16.77	16.76	16.77	16.75	270	15.37
12/29/2016	16.75	16.74	16.75	16.74	110	15.35
1/2/2017	16.74	16.74	16.74	16.74	40	15.34
1/3/2017	16.48	16.25	16.48	16.25	2240	15.08
1/4/2017	16.44	16.41	16.44	16.41	1410	15.04
1/5/2017	16.29	16.29	16.29	16.29	250	14.89
1/6/2017	16.29	16.29	16.75	16.29	880	14.89
1/9/2017	16.26	16.29	16.74	16.25	1190	14.86
1/10/2017	16.73	16.75	16.75	16.25	2760	15.33
1/11/2017	16.27	16.27	16.27	16.27	280	14.87
1/12/2017	16.75	16.75	16.75	16.75	0	15.35
1/13/2017	16.29	16.27	16.29	16.27	310	14.89
1/16/2017	16.96	16.96	16.96	16.96	10	15.56
1/18/2017	16.46	16.46	16.46	16.28	1270	15.06
1/19/2017	16.46	16.46	16.46	16.46	750	15.06
1/20/2017	16.95	16.45	16.95	16.45	1280	15.55
1/26/2017	16.66	16.66	16.66	16.66	260	15.26
1/27/2017	16.82	16.82	16.82	16.8	310	15.42
1/31/2017	16.83	16.82	16.83	16.81	510	15.43
2/1/2017	16.99	16.99	16.99	16.99	10	15.59
2/2/2017	16.9	16.9	16.9	16.9	2150	15.5
2/3/2017	16.9	16.9	16.9	16.9	730	15.5
2/6/2017	16.9	16.9	16.9	16.9	60	15.5
2/8/2017	17.24	16.9	17.4	16.9	1210	15.84
2/9/2017	17.59	17.24	17.75	17.24	340	16.19
2/10/2017	17.77	17.3	17.77	17.3	1150	16.37
2/13/2017	18.12	17.77	18.12	17.77	120	16.72
2/15/2017	17.59	17.59	17.64	17.59	650	16.19
2/17/2017	17.43	18.02	18.11	17.43	40	16.03
2/20/2017	17.43	17.25	17.43	17.25	100	16.03
2/22/2017	17.25	17.25	17.25	17.25	20	15.85
2/23/2017	17.2	17.25	17.25	16.91	150	15.8
2/24/2017	17	17	17	17	420	15.6
2/27/2017	17	17	17	17	70	15.6
3/1/2017	17.5	17	17.5	17	20	16.1
3/3/2017	17	17.01	17.01	17	340	15.6
3/6/2017	17	17.01	17.01	17	720	15.6
3/7/2017	17	17	17	17	100	15.6
3/8/2017	17.45	16.91	17.46	16.91	1540	16.05
3/9/2017	17.24	17.24	17.24	17.24	10	15.84
3/10/2017	16.91	17	17	16.91	50	15.51
3/13/2017	16.87	16.87	16.88	16.87	240	15.47
3/14/2017	16.87	16.88	16.88	16.87	1240	15.47
3/16/2017	16.87	16.88	17.16	16.87	2830	15.47
3/17/2017	16.87	17.17	17.17	16.87	460	15.47
3/21/2017	16.75	16.87	16.87	16.75	1530	15.35
3/22/2017	16.83	16.83	16.83	16.79	840	15.43
3/23/2017	16.97	17.16	17.16	16.97	20	15.57
3/24/2017	16.76	17.16	17.16	16.76	1180	15.36
3/27/2017	16.75	16.76	16.77	16.75	850	15.35
3/28/2017	17.25	16.8	17.25	16.75	4070	15.85
3/29/2017	17.17	17.25	17.25	17.17	230	15.77
3/30/2017	17.17	17.25	17.25	17.17	920	15.77
3/31/2017	17.24	17.25	17.25	17.24	240	15.84
4/3/2017	16.83	16.84	16.84	16.83	1950	15.43
4/4/2017	16.83	16.84	16.84	16.83	670	15.43
4/6/2017	16.84	17.15	17.15	16.84	30	15.44
4/7/2017	16.87	16.87	16.87	16.87	50	15.47
4/10/2017	16.83	17.25	17.25	16.83	60	15.43
4/11/2017	17.03	17.07	17.07	17.03	80	15.63
4/12/2017	16.99	17.08	17.08	16.99	1970	15.59
4/13/2017	17.04	17.03	17.04	17.03	730	15.64
4/14/2017	17	17	17	17	240	15.6
4/17/2017	17	17.49	17.49	17	250	15.6
4/18/2017	17.09	17	17.09	17	1630	15.69
4/19/2017	17	17.09	17.09	17	1460	15.6
4/20/2017	17.25	17	17.25	17	50	15.85
4/21/2017	17.42	17.5	17.5	17	580	16.02
4/24/2017	17.41	17.42	17.42	17.41	30	16.01
4/25/2017	17.77	17.14	17.77	17	640	16.37
4/26/2017	17.31	17.85	17.85	17.31	410	15.91
4/27/2017	17.31	17.31	17.31	17.14	1660	15.91
4/28/2017	17.31	17.31	17.31	17.31	1210	15.91
5/2/2017	17.31	17.31	17.31	17.31	390	15.91
5/4/2017	17.31	17.31	17.31	17.31	10	15.91
5/5/2017	17.19	17.34	17.34	17.19	340	15.79
5/8/2017	17.34	17.19	17.34	17.19	190	15.94
5/9/2017	17.43	17.55	17.55	17.43	130	16.03
5/10/2017	17.59	17.3	17.59	17.3	370	16.19
5/11/2017	17.66	17.66	17.66	17.65	330	16.26
5/12/2017	17.68	17.66	17.68	17.65	240	16.28
5/15/2017	17.68	17.68	17.93	17.68	100	16.28
5/16/2017	17.68	17.68	17.68	17.68	180	16.28
5/19/2017	17.68	17.68	17.68	17.68	150	16.28
5/22/2017	17.46	17.46	17.46	17.46	180	16.06
5/23/2017	17.47	17.46	17.84	17.46	240	16.07
5/24/2017	17.85	17.64	17.93	17.64	460	16.45
5/25/2017	17.76	18.11	18.21	17.74	140	16.36
5/26/2017	17.49	17.49	17.49	17.49	250	16.09
5/29/2017	17.49	17.84	17.84	17.43	2080	16.09
5/30/2017	17.49	17.48	17.93	17.48	40	16.09
5/31/2017	17.55	17.55	17.55	17.55	600	16.15
6/1/2017	17.59	17.68	17.68	17.55	1160	16.19
6/2/2017	17.59	17.59	17.59	17.59	510	16.19
6/5/2017	17.59	17.59	17.59	17.59	60	16.19
6/6/2017	17.51	17.59	17.59	17.51	670	16.11
6/7/2017	17.51	17.51	17.51	17.51	160	16.11
6/8/2017	17.51	17.52	17.52	17.51	2440	16.11
6/9/2017	17.51	17.51	17.51	17.43	390	16.11
6/12/2017	17.51	17.51	17.51	17.51	60	16.11
6/13/2017	17.51	17.82	17.83	17.43	2470	16.11
6/14/2017	17.82	17.52	17.82	17.43	3820	16.42
6/15/2017	17.77	17.82	17.82	17.43	260	16.37
6/16/2017	17.82	17.77	17.82	17.76	940	16.42
6/19/2017	17.96	17.82	17.96	17.82	560	16.56
6/20/2017	17.9	17.95	17.95	17.9	390	16.5
6/21/2017	18.11	17.96	18.11	17.77	620	16.71
6/22/2017	18.11	18.11	18.11	18.1	1180	16.71
6/23/2017	18.12	18.12	18.12	18.12	120	16.72
6/28/2017	18.19	18.19	18.19	18.11	810	16.79
6/29/2017	17.09	17.09	17.09	17.09	30	15.69
6/30/2017	17	17.09	17.09	17	1530	15.6
7/3/2017	17	17	17	17	120	15.6
7/4/2017	17.09	17	17.09	16.99	510	15.69
7/5/2017	17.09	17.09	17.09	17.09	10	15.69
7/6/2017	17.09	17.42	17.42	17.09	510	15.69
7/7/2017	17.1	17.1	17.1	17.1	90	15.7
7/10/2017	17.51	17.51	17.51	17.51	120	16.11
7/11/2017	17.61	17.61	17.61	17.61	50	16.21
7/12/2017	17.56	17.57	17.58	17.55	120	16.16
7/19/2017	17.56	17.56	17.56	17.56	220	16.16
7/20/2017	17.61	17.61	17.61	17.25	1220	16.21
7/21/2017	18.01	18.13	18.13	18.01	310	16.61
7/24/2017	17.8	18.01	18.01	17.8	460	16.4
7/26/2017	17.8	17.7	17.8	17.7	190	16.4
7/27/2017	17.27	17.27	17.27	17.27	220	15.87
7/28/2017	17	17	17	17	530	15.6
7/31/2017	18.03	17.51	18.03	17.5	350	16.63
8/1/2017	17.6	17.8	17.8	17.6	10	16.2
8/3/2017	17.79	17.79	17.79	17.79	10	16.39
8/4/2017	17.79	17.79	17.79	17.79	130	16.39
8/7/2017	17.79	18	18	17.79	100	16.39
8/8/2017	17.79	17.79	17.79	17.79	30	16.39
8/9/2017	17.61	17.6	17.61	17.6	410	16.21
8/10/2017	18.12	18.12	18.12	17.6	180	16.72
8/14/2017	18.13	18.08	18.13	18.08	500	16.73
8/15/2017	18.22	18.22	18.25	18.22	690	16.82
8/16/2017	18.12	18.22	18.22	18.12	1910	16.72
8/17/2017	18.12	18.12	18.12	18.12	570	16.72
8/18/2017	17.91	18	18	17.91	240	16.51
8/23/2017	17.91	17.91	17.91	17.91	50	16.51
8/24/2017	17.91	17.91	17.91	17.91	320	16.51
8/30/2017	17.91	17.95	17.95	17.91	1450	16.51
8/31/2017	17.8	17.9	17.9	17.8	120	16.4
9/4/2017	18	17.8	18	17.79	2030	16.6
9/5/2017	17.95	17.95	17.95	17.95	2500	16.55
9/6/2017	17.9	17.9	17.9	17.89	2020	16.5
9/7/2017	17.97	17.95	17.97	17.95	1310	16.57
9/8/2017	17.99	17.97	17.99	17.97	150	16.59
9/11/2017	17.9	17.9	17.9	17.9	90	16.5
9/12/2017	17.9	17.9	17.9	17.8	60	16.5
9/15/2017	17.52	17.8	17.8	17.52	100	16.12
9/18/2017	17.54	17.53	17.54	17.53	190	16.14
9/19/2017	17.55	17.55	17.55	17.55	50	16.15
9/22/2017	17.58	17.58	17.58	17.58	30	16.18
9/26/2017	17.58	17.8	17.8	17.58	460	16.18
9/27/2017	17.58	17.7	17.7	17.57	400	16.18
9/28/2017	17.98	17.58	17.98	17.58	80	16.58
9/29/2017	17.99	17.6	17.99	17.6	10	16.59
10/3/2017	17.6	17.6	17.6	17.6	30	16.2
10/4/2017	17.6	17.6	17.6	17.6	40	16.2
10/5/2017	17.4	17.51	17.51	17.4	30	16
10/6/2017	17.5	17.5	17.5	17.5	120	16.1
10/9/2017	17.98	17.5	17.98	17.5	90	16.58
10/10/2017	17.6	17.5	17.6	17.5	300	16.2
10/11/2017	17.99	17.6	17.99	17.6	360	16.59
10/13/2017	17.61	17.61	17.61	17.61	30	16.21
10/16/2017	17.6	17.62	17.62	17.6	2470	16.2
10/17/2017	17.6	17.6	17.62	17.6	910	16.2
10/19/2017	17.62	17.7	17.7	17.62	50	16.22
10/20/2017	17.6	17.62	17.62	17.6	290	16.2
10/23/2017	17.59	17.6	17.6	17.58	290	16.19
10/24/2017	17.59	17.59	17.59	17.5	130	16.19
10/25/2017	17.55	17.55	17.55	17.55	30	16.15
10/27/2017	17.62	17.55	17.62	17.55	30	16.22
10/30/2017	17.4	17.4	17.4	17.4	210	16
10/31/2017	17.62	17.41	17.62	17.41	20	16.22
11/2/2017	17.55	17.4	17.55	17.4	270	16.15
11/3/2017	17.54	17.54	17.54	17.54	0	16.14
11/6/2017	17.7	17.61	17.7	17.61	2980	16.3
11/7/2017	17.4	17.5	17.7	17.2	1900	16
11/9/2017	17.69	17.48	17.69	17.47	500	16.29
11/10/2017	17.51	17.51	17.51	17.51	60	16.11
11/13/2017	17.55	17.51	17.55	17.51	310	16.15
11/14/2017	17.69	17.45	17.69	17.45	170	16.29
11/15/2017	17.55	17.53	17.55	17.53	500	16.15
11/16/2017	17.55	17.55	17.55	17.5	1290	16.15
11/17/2017	17.51	17.69	17.69	17.51	1810	16.11
11/20/2017	17.51	17.51	17.51	17.51	1140	16.11
11/21/2017	17.5	17.5	17.5	17.5	190	16.1
11/22/2017	17.5	17.5	17.5	17.5	1030	16.1
11/23/2017	17.5	17.5	17.5	17.5	320	16.1
11/24/2017	17.69	17.5	17.69	17.5	1270	16.29
11/27/2017	17.6	17.6	17.6	17.6	30	16.2
11/28/2017	17.68	17.69	17.69	17.6	2960	16.28
11/29/2017	17.7	17.6	17.7	17.6	610	16.3
11/30/2017	17.7	17.61	17.7	17.61	2100	16.3
12/4/2017	17.97	17.7	17.97	17.7	470	16.57
12/5/2017	17.9	17.9	17.9	17.9	30	16.5
12/6/2017	18	17.9	18	17.9	770	16.6
12/7/2017	17.9	17.9	17.9	17.9	1200	16.5
12/8/2017	17.8	17.83	17.83	17.8	740	16.4
12/11/2017	17.7	18	18	17.7	4830	16.3
12/12/2017	17.7	17.7	17.71	17.7	30	16.3
12/13/2017	17.97	17.71	17.97	17.7	310	16.57
12/18/2017	17.8	17.8	17.8	17.8	570	16.4
12/19/2017	17.6	17.55	17.6	17.55	1410	16.2
12/20/2017	17.97	17.9	17.97	17.9	50	16.57
12/21/2017	17.6	17.6	17.61	17.6	1630	16.2
12/22/2017	17.85	17.61	17.85	17.61	50	16.45
12/26/2017	17.84	17.8	17.85	17.66	1720	16.44
12/27/2017	17.96	17.84	17.96	17.7	110	16.56
12/29/2017	17.72	17.74	17.74	17.72	390	16.32
1/2/2018	17.88	17.93	17.93	17.88	200	16.48
1/3/2018	17.71	17.71	17.71	17.71	220	16.31
1/4/2018	17.76	17.89	17.89	17.75	690	16.36
1/5/2018	17.8	17.8	17.8	17.78	570	16.4
1/8/2018	17.78	17.79	17.79	17.72	480	16.38
1/9/2018	17.75	17.84	17.85	17.74	540	16.35
1/10/2018	17.8	17.75	17.8	17.75	40	16.4
1/11/2018	18.2	17.76	18.2	17.76	1000	16.8
1/12/2018	17.81	17.83	17.83	17.81	90	16.41
1/15/2018	17.81	17.81	17.81	17.81	100	16.41
1/16/2018	17.9	17.83	17.9	17.83	130	16.5
1/17/2018	18.2	17.83	18.2	17.82	350	16.8
1/18/2018	17.85	18	18	17.85	610	16.45
1/19/2018	17.85	17.86	17.86	17.85	750	16.45
1/22/2018	17.86	17.82	17.86	17.8	750	16.46
1/23/2018	17.86	17.95	17.95	17.86	80	16.46
1/24/2018	17.9	17.9	18.16	17.9	1910	16.5
1/25/2018	18.14	17.95	18.14	17.8	2810	16.74
1/26/2018	17.94	17.94	17.94	17.94	60	16.54
1/29/2018	18	17.85	18	17.85	2160	16.6
1/30/2018	17.94	17.94	17.94	17.94	10	16.54
1/31/2018	17.93	17.85	17.93	17.85	1110	16.53
2/1/2018	17.95	17.93	17.95	17.93	2810	16.55
2/2/2018	18	18	18	18	1240	16.6
2/5/2018	17.95	18	18	17.9	1650	16.55
2/6/2018	17.9	17.95	18	17.9	740	16.5
2/7/2018	17.85	17.9	17.9	17.85	710	16.45
2/8/2018	17.85	17.84	17.85	17.84	680	16.45
2/12/2018	17.85	17.85	17.85	17.85	380	16.45
2/13/2018	18	18	18.15	18	670	16.6
2/14/2018	18	18	18	18	1180	16.6
2/15/2018	17.9	17.9	18	17.9	590	16.5
2/16/2018	17.9	17.9	17.9	17.9	240	16.5
2/19/2018	17.99	17.99	18	17.99	550	16.59
2/20/2018	17.99	17.95	17.99	17.95	50	16.59
2/21/2018	17.99	17.85	18	17.85	890	16.59
2/22/2018	18	18	18	18	1280	16.6
2/23/2018	18.15	18.15	18.15	18.15	260	16.75
2/26/2018	18	17.81	18	17.81	210	16.6
2/27/2018	17.82	17.82	17.82	17.82	5730	16.42
3/1/2018	17.98	17.98	18	17.98	1830	16.58
3/2/2018	18	17.81	18	17.81	530	16.6
3/5/2018	17.9	18	18	17.9	2830	16.5
3/6/2018	17.6	17.83	17.83	17.6	5430	16.2
3/7/2018	17.99	17.99	17.99	17.99	50	16.59
3/8/2018	18	17.9	18	17.9	1840	16.6
3/9/2018	18	18	18	18	1300	16.6
3/12/2018	18.17	17.99	18.17	17.99	3040	16.77
3/13/2018	18.17	18.17	18.17	18.17	430	16.77
3/14/2018	18	18	18	18	1000	16.6
3/15/2018	18	18	18	18	1000	16.6
3/16/2018	17.98	17.98	17.98	17.98	630	16.58
3/19/2018	18	17.98	18	17.98	570	16.6
3/21/2018	18	18	18	18	200	16.6
3/22/2018	18	17.81	18	17.8	1550	16.6
3/26/2018	18.01	18	18.01	18	1120	16.61
3/27/2018	18.01	18	18.01	18	1710	16.61
3/28/2018	18.16	18.1	18.16	18	870	16.76
3/29/2018	18.29	18.29	18.29	18.29	0	16.89
3/30/2018	18.29	18.29	18.47	18.1	740	16.89
4/2/2018	18.29	18.29	18.29	18.29	130	16.89
4/3/2018	18.68	18.32	18.68	18.32	190	17.28
4/4/2018	18.21	18.3	18.4	18.2	720	16.81
4/5/2018	18.49	18.12	18.5	18.12	650	17.09
4/6/2018	19.09	19.19	19.2	19.09	1430	17.69
4/11/2018	18.5	18.5	18.5	18.5	100	17.1
4/13/2018	18.52	18.52	18.52	18.3	3880	17.12
4/16/2018	18.52	18.41	18.52	18.4	270	17.12
4/17/2018	18.52	18.46	18.52	18.45	610	17.12
4/18/2018	18.6	18.75	18.75	18.6	290	17.2
4/19/2018	18.6	18.6	18.6	18.5	930	17.2
4/20/2018	18.6	18.6	18.6	18.6	550	17.2
4/23/2018	18.8	18.75	18.89	18.75	80	17.4
4/24/2018	18.82	18.82	18.82	18.82	10	17.42
4/25/2018	18.62	18.75	18.9	18.62	150	17.22
4/26/2018	18.71	18.59	18.8	18.59	80	17.31
4/27/2018	18.8	18.8	18.8	18.8	20	17.4
4/30/2018	18.58	18.58	18.58	18.58	30	17.18
5/2/2018	18.58	18.58	18.58	18.58	240	17.18
5/3/2018	18.6	18.2	18.6	18.2	630	17.2
5/4/2018	18.45	18.13	18.45	18.13	500	17.05
5/7/2018	18.45	18.45	18.45	18.45	160	17.05
5/8/2018	18.45	18.04	18.5	18.04	80	17.05
5/9/2018	18.45	18.74	18.74	18.18	220	17.05
5/10/2018	18.63	18.63	18.63	18.63	30	17.23
5/11/2018	18.65	18.8	18.8	18.5	50	17.25
5/14/2018	18.65	18.41	18.65	18.41	20	17.25
5/15/2018	18.65	18.6	18.7	18.6	700	17.25
5/16/2018	18.65	18.75	18.77	18.61	1030	17.25
5/17/2018	18.75	18.65	18.78	18.65	340	17.35
5/18/2018	18.65	18.75	18.75	18.65	50	17.25
5/21/2018	18.89	18.65	18.89	18.65	300	17.49
5/22/2018	18.89	18.88	18.89	18.88	130	17.49
5/24/2018	18.88	18.87	18.88	18.65	2470	17.48
5/25/2018	18.89	18.6	18.89	18.6	3720	17.49
5/28/2018	19	19	19	19	20	17.6
5/29/2018	19.2	18.89	19.2	18.89	820	17.8
5/30/2018	19.14	19.19	19.19	19.01	60	17.74
5/31/2018	19.14	18.9	19.14	18.9	30	17.74
6/1/2018	19	19.1	19.1	19	90	17.6
6/4/2018	19	19.3	19.3	19	100	17.6
6/5/2018	19	19	19	19	1350	17.6
6/6/2018	19.1	19.09	19.1	19.09	710	17.7
6/7/2018	19.1	19.1	19.1	19.1	250	17.7
6/8/2018	19.24	19.24	19.24	19.24	30	17.84
6/11/2018	19.49	19.22	19.49	19.22	140	18.09
6/12/2018	19.49	19.35	19.49	19.35	260	18.09
6/13/2018	19.3	19.32	19.32	19.3	40	17.9
6/18/2018	19.2	19.2	19.2	19.2	10	17.8
6/19/2018	19.3	19.3	19.3	19.25	210	17.9
6/20/2018	19.2	19.4	19.4	19.2	10390	17.8
6/22/2018	19.2	19.2	19.2	19.2	1000	17.8
6/25/2018	19.11	19.02	19.3	19.02	830	17.71
6/26/2018	19.4	19.4	19.4	19.4	1790	18
6/27/2018	18.45	18.21	18.6	18.21	540	17.25
6/28/2018	18.59	18.4	18.59	18.4	160	17.39
6/29/2018	18.59	18.59	18.59	18.59	400	17.39
7/3/2018	18.4	18.4	18.4	18.4	50	17.2
7/4/2018	18.5	18.2	18.5	18.2	660	17.3
7/5/2018	18	18.11	18.11	18	170	16.8
7/9/2018	18.39	18.39	18.39	18.39	70	17.19
7/10/2018	18.2	18.2	18.2	18.2	20	17
7/11/2018	18.2	18.2	18.2	18.2	310	17
7/12/2018	18.2	18.2	18.39	18.2	2530	17
7/13/2018	18.2	18.2	18.2	18.2	4500	17
7/16/2018	18.2	18.2	18.2	18.2	1660	17
7/17/2018	18.2	18.2	18.2	18.2	840	17
7/18/2018	18.07	18.02	18.2	18.02	630	16.87
7/23/2018	18.06	18.08	18.08	18.06	270	16.86
7/26/2018	18.17	18.1	18.17	18.1	1080	16.97
7/27/2018	18.2	18.1	18.2	18.1	1030	17
7/31/2018	18.2	18.16	18.2	18.16	750	17
8/3/2018	18.48	18.5	18.5	18.48	250	17.28
8/6/2018	18.21	18.21	18.21	18.21	2000	17.01
8/7/2018	18.4	18.48	18.48	18.21	1530	17.2
8/8/2018	18.4	18.3	18.49	18.22	6200	17.2
8/9/2018	18.22	18.4	18.5	18.22	7200	17.02
8/10/2018	18.21	18.49	18.49	18.2	1140	17.01
8/14/2018	18.18	18.18	18.18	18.18	100	16.98
8/15/2018	18.2	18.18	18.48	18.18	2250	17
8/16/2018	18.2	18.48	18.48	18.2	1010	17
8/17/2018	18.2	18.2	18.2	18.2	790	17
8/20/2018	18.16	18.48	18.48	18.16	20	16.96
8/23/2018	17.93	17.94	17.94	17.93	380	16.73
8/28/2018	17.9	17.9	17.9	17.9	220	16.7
8/29/2018	17.71	17.71	17.71	17.71	10	16.51
9/3/2018	17.8	17.8	17.8	17.8	330	16.6
9/4/2018	17.8	17.8	17.8	17.8	40	16.6
9/5/2018	17.8	17.8	17.81	17.8	1010	16.6
9/6/2018	17.9	17.9	17.9	17.9	300	16.7
9/13/2018	17.9	17.9	17.9	17.9	330	16.7
9/14/2018	17.9	17.9	17.9	17.9	110	16.7
9/17/2018	17.8	17.8	17.8	17.8	630	16.6
9/21/2018	18	18	18	18	60	16.8
9/25/2018	18.2	17.65	18.2	17.5	100	17
10/4/2018	18.17	18.16	18.17	18.16	30	16.97
10/5/2018	18.17	18.17	18.17	18.17	0	16.97
10/8/2018	18.17	17.66	18.17	17.66	60	16.97
10/9/2018	18.17	18.17	18.17	18.17	0	16.97
10/10/2018	17.63	17.63	17.63	17.63	150	16.43
10/11/2018	17.63	17.63	17.63	17.63	170	16.43
10/19/2018	17.13	17.2	17.2	17.12	120	15.93
10/24/2018	17.12	17.12	17.12	17.12	40	15.92
10/26/2018	17.63	17.63	17.63	17.63	10	16.43
10/29/2018	17.5	17.5	17.5	17.5	710	16.3
10/30/2018	17.49	17.49	17.49	17.49	30	16.29
10/31/2018	17	17	17	17	10	15.8
11/5/2018	17.49	17.49	17.49	17.49	0	16.29
11/6/2018	17.5	17.49	17.5	17.49	1000	16.3
11/9/2018	17.44	16.98	17.44	16.98	110	16.24
11/14/2018	17.49	17.49	17.49	17.49	20	16.29
11/16/2018	17	17	17	17	50	15.8
11/19/2018	17.45	17.45	17.45	17.45	10	16.25
11/21/2018	17.42	17.45	17.45	17.42	210	16.22
11/22/2018	16.9	16.95	16.95	16.9	120	15.7
11/23/2018	17.36	17.36	17.36	17.36	0	16.16
11/26/2018	17.48	17.36	17.48	17.36	30	16.28
11/28/2018	17.45	17.46	17.46	17.01	1040	16.25
11/29/2018	17.3	17.31	17.31	17.3	30	16.1
12/4/2018	16.8	16.9	16.9	16.8	290	15.6
12/6/2018	16.99	16.99	16.99	16.99	10	15.79
12/7/2018	16.85	16.6	16.85	16.6	310	15.65
12/10/2018	16.59	17.2	17.2	16.59	190	15.39
12/11/2018	16.55	16.44	16.55	16.42	170	15.35
12/12/2018	16.6	16.56	16.61	16.56	110	15.4
12/13/2018	16.55	16.55	16.55	16.55	10	15.35
12/18/2018	16.3	16.5	16.5	16.3	500	15.1
12/19/2018	16.54	16.54	16.54	16.54	650	15.34
12/20/2018	16.52	16.55	16.55	16.52	560	15.32
12/21/2018	16.45	16.45	16.45	16.45	20	15.25
12/24/2018	16.5	16.5	16.5	16.5	500	15.3
12/26/2018	16.59	16.6	16.6	16.45	70	15.39
12/27/2018	16.5	16.4	16.5	16.4	160	15.3
12/28/2018	16.59	16.59	16.6	16.59	40	15.39
12/31/2018	16.59	16.59	16.59	16.59	750	15.39
1/2/2019	16.1	16.1	16.1	16.1	370	14.9
1/3/2019	16.1	16.1	16.1	16.1	80	14.9
1/4/2019	16.35	15.75	16.35	15.62	40	15.15
1/7/2019	16.35	16.35	16.35	16.35	0	15.15
1/8/2019	16	16.01	16.01	16	40	14.8
1/9/2019	15.85	16.43	16.43	15.85	10	14.65
1/10/2019	16.3	15.86	16.3	15.86	150	15.1
1/15/2019	16.43	16.43	16.43	16.43	0	15.23
1/16/2019	16.43	16.42	16.43	16.42	40	15.23
1/22/2019	15.95	15.95	15.95	15.95	20	14.75
1/23/2019	15.24	16.45	16.45	15.24	700	14.04
1/24/2019	15.03	15.24	15.24	15.03	60	13.83
1/28/2019	15.4	15.4	15.4	15.4	0	14.2
2/5/2019	15.4	15.04	15.4	15.04	170	14.2
2/7/2019	15.69	15.69	15.69	15.69	0	14.49
2/18/2019	15.22	15.22	15.22	15.22	20	14.02
2/20/2019	15	15.03	15.03	15	390	13.8
2/21/2019	14.55	15	15	14.55	530	13.35
2/25/2019	14.5	14.5	14.5	14.15	70	13.3
2/26/2019	14.45	14.93	14.93	14.45	50	13.25
2/27/2019	14.93	14.93	14.93	14.93	40	13.73
3/1/2019	14.5	14.5	14.5	14.5	10	13.3
3/8/2019	14.1	14.11	14.11	14.1	100	12.9
3/11/2019	14.05	14.05	14.05	14.05	60	12.85
3/13/2019	13.75	13.75	13.75	13.75	30	12.55
3/15/2019	13.67	13.67	13.67	13.67	30	12.47
3/18/2019	13.7	13.7	13.7	13.67	1020	12.5
3/19/2019	13.29	13.65	13.65	13.29	140	12.09
3/21/2019	12.9	13.29	13.29	12.9	210	11.7
3/22/2019	12.52	12.54	13.27	12.52	630	11.32
3/25/2019	12.84	12.84	12.84	12.7	110	11.64
3/27/2019	13.21	13.21	13.21	13.21	0	12.01
4/2/2019	13.2	12.9	13.21	12.9	120	12
4/3/2019	13.2	13.2	13.2	13.2	40	12
4/4/2019	13	13.2	13.2	13	440	11.8
4/5/2019	13	12.66	13.03	12.51	190	11.8
4/8/2019	12.99	12.61	12.99	12.61	60	11.79
4/10/2019	12.99	12.99	12.99	12.99	70	11.79
4/12/2019	13.3	13.29	13.3	13.29	30	12.1
4/18/2019	13.28	13.28	13.28	13.28	70	12.08
4/19/2019	13.29	13.29	13.29	13.29	20	12.09
4/23/2019	13.35	13.29	13.35	13.29	200	12.15
4/24/2019	13.33	13.35	13.35	13.33	1310	12.13
4/29/2019	13.99	13.99	13.99	13.5	30	12.79
4/30/2019	13.58	13.95	14.36	13.58	30	12.38
5/2/2019	13.25	13.25	13.25	13.25	70	12.05
5/3/2019	13.15	13.15	13.15	13.15	30	11.95
5/6/2019	12.9	12.94	12.94	12.9	100	11.7
5/7/2019	13.24	13.24	13.24	13.24	0	12.04
5/10/2019	12.85	12.85	12.85	12.85	30	11.65
5/13/2019	12.47	12.55	12.55	12.47	150	11.27
5/14/2019	12.74	12.74	12.74	12.74	30	11.54
5/15/2019	12.87	12.85	12.87	12.85	200	11.67
5/16/2019	12.49	12.49	12.49	12.49	180	11.29
5/17/2019	12.6	12.6	12.6	12.6	10	11.4
5/20/2019	13	12.88	13	12.88	8840	11.8
5/21/2019	13	13	13	12.93	150	11.8
5/22/2019	13.25	12.94	13.25	12.94	250	12.05
5/23/2019	13.25	13.25	13.25	13.25	0	12.05
5/24/2019	13.1	13.1	13.1	13.1	20	11.9
5/27/2019	13.34	13.25	13.34	13.25	160	12.14
5/28/2019	13	13.64	13.66	13	1540	11.8
5/29/2019	13.39	13.39	13.39	13.39	0	12.19
5/30/2019	13	13.26	13.26	13	500	11.8
6/11/2019	13.6	13.65	13.65	13.6	60	12.4
6/12/2019	13.6	13.6	13.6	13.6	110	12.4
6/13/2019	13.65	13.65	13.65	13.65	20	12.45
6/14/2019	13.85	13.66	13.85	13.65	1650	12.65
6/17/2019	14.07	14.07	14.07	14.07	90	12.87
6/18/2019	14.49	14.08	14.49	14.08	130	13.29
6/19/2019	14.45	14.45	14.45	14.44	1570	13.25
6/20/2019	14.88	14.88	14.88	14.88	0	13.68
6/21/2019	14.45	14.88	14.9	14.45	70	13.25
6/24/2019	14.71	14.7	14.98	14.7	650	13.51
6/25/2019	14.98	14.72	14.98	14.7	550	13.78
6/26/2019	14.4	14.4	14.4	14.39	290	13.2
6/27/2019	14.4	14.4	14.4	14.4	770	13.2
6/28/2019	14.6	14.3	14.6	14.3	270	13.4
7/1/2019	15.02	14.61	15.02	14.61	30	13.82
7/2/2019	15.47	15.46	15.47	15.46	1150	14.97
7/3/2019	15.5	15.5	15.5	15.47	620	15
7/4/2019	15.5	15.5	15.5	15.5	540	15
7/5/2019	15.55	15.55	15.55	15.55	4610	15.05
7/8/2019	15.5	15.5	15.5	15.5	190	15
7/9/2019	15.04	15.5	15.5	15.04	510	14.54
7/10/2019	15.02	15.2	15.2	15.02	160	14.52
7/11/2019	14.57	15.39	15.39	14.57	330	14.07
7/12/2019	14.55	14.55	14.55	14.55	30	14.05
7/16/2019	14.12	14.12	14.12	14.12	90	13.62
7/17/2019	13.7	13.7	13.7	13.7	60	13.2
7/19/2019	13.4	13.41	13.41	13.4	320	12.9
7/23/2019	13.4	13.7	13.7	13.4	10	12.9
7/24/2019	13.4	13.4	13.4	13.4	130	12.9
7/26/2019	13.55	13.4	13.55	13.4	100	13.05
7/30/2019	13.55	13.55	13.55	13.55	140	13.05
8/15/2019	13.29	13.29	13.29	13.29	20	12.79
8/16/2019	13.5	13.5	13.5	13.5	100	13
8/19/2019	13.9	13.9	13.9	13.9	0	13.4
8/21/2019	13.5	13.5	13.5	13.5	70	13
8/22/2019	13.6	13.5	13.6	13.5	200	13.1
8/29/2019	12.81	13.2	13.2	12.81	220	12.31
9/2/2019	12.88	12.51	12.88	12.5	110	12.38
9/5/2019	13.19	12.88	13.19	12.88	30	12.69
9/10/2019	12.89	12.89	12.89	12.89	20	12.39
9/11/2019	12.89	12.89	12.89	12.89	10	12.39
9/16/2019	12.88	12.88	12.88	12.88	10	12.38
9/18/2019	12.51	12.51	12.51	12.51	20	12.01
9/23/2019	12.51	12.51	12.51	12.51	50	12.01
9/24/2019	12.5	12.51	12.51	12.5	400	12
9/25/2019	12.13	12.13	12.13	12.13	100	11.63
9/26/2019	12.49	12.49	12.49	12.49	30	11.99
9/27/2019	12.12	12.12	12.12	12.12	10	11.62
9/30/2019	12.12	12.12	12.12	12.12	30	11.62
10/1/2019	12.12	12	12.12	12	50	11.62
10/10/2019	12.1	12.1	12.1	12.1	10	11.6
10/17/2019	11.74	11.74	11.74	11.74	60	11.24
10/18/2019	11.39	11.39	11.39	11.39	10	10.89
10/21/2019	11.05	11.39	11.39	11.05	4210	10.55
10/22/2019	10.72	10.73	10.73	10.72	1650	10.22
10/25/2019	10.99	11	11	10.73	30	10.49
10/30/2019	10.72	10.73	10.73	10.72	40	10.22
10/31/2019	11	10.72	11	10.72	10	10.5
11/4/2019	10.9	10.9	10.9	10.9	20	10.4
11/5/2019	10.9	10.9	10.9	10.9	30	10.4
11/8/2019	10.61	10.61	10.61	10.61	300	10.11
11/11/2019	10.61	10.61	10.61	10.61	120	10.11
11/12/2019	10.61	10.61	10.61	10.61	110	10.11
11/13/2019	10.58	10.58	10.58	10.58	100	10.08
11/14/2019	10.58	10.58	10.58	10.58	30	10.08
11/15/2019	10.4	10.4	10.4	10.4	30	9.9
11/20/2019	10.4	10.4	10.4	10.4	50	9.9
11/26/2019	10.55	10.4	10.55	10.4	40	10.05
11/27/2019	10.6	10.55	10.6	10.55	100	10.1
11/28/2019	10.61	10.6	10.61	10.6	40	10.11
12/2/2019	10.5	10.89	10.9	10.5	20	10
12/3/2019	10.5	10.5	10.5	10.5	10	10
12/4/2019	10.5	10.5	10.5	10.5	230	10
12/9/2019	10.89	10.88	10.89	10.88	90	10.39
12/10/2019	10.7	10.7	10.7	10.7	50	10.2
12/12/2019	10.8	10.88	10.88	10.38	2180	10.3
12/13/2019	10.71	10.71	10.71	10.71	20	10.21
12/16/2019	10.39	10.69	10.69	10.39	180	9.89
12/17/2019	10.69	10.69	10.69	10.69	20	10.19
12/18/2019	10.69	10.69	10.69	10.69	20	10.19
12/19/2019	11	10.7	11	10.7	1350	10.5
12/20/2019	11.66	11.24	11.66	11.01	600	11.16
12/23/2019	11.66	11.6	11.66	11.26	250	11.16
12/24/2019	11.8	11.66	11.95	11.66	2030	11.3
12/25/2019	12.15	11.59	12.15	11.58	80	11.65
12/27/2019	12.15	11.85	12.15	11.85	20	11.65
12/30/2019	12.5	12.82	12.9	11.95	100	12
1/9/2020	11.94	11.94	11.94	11.94	0	11.44
1/10/2020	11.59	11.59	11.59	11.59	40	11.09
1/13/2020	11.59	11.6	11.6	11.59	140	11.09
1/15/2020	11.9	11.9	11.9	11.9	10	11.4
1/16/2020	11.79	11.79	11.79	11.79	10	11.29
1/17/2020	11.55	11.55	11.55	11.55	60	11.05
1/24/2020	11.59	11.26	11.59	11.26	100	11.09
1/27/2020	11.58	11.58	11.58	11.58	1530	11.08
1/29/2020	11.24	11.26	11.26	11.24	80	10.74
1/30/2020	11	11.2	11.2	11	230	10.5
2/3/2020	11	11	11	10.92	340	10.5
2/5/2020	10.9	10.9	10.9	10.9	30	10.4
2/11/2020	10.9	11	11	10.9	360	10.4
2/21/2020	10.9	10.91	10.91	10.9	220	10.4
2/24/2020	10.81	10.81	10.81	10.81	110	10.31
2/28/2020	10.7	10.8	10.8	10.7	300	10.2
3/2/2020	10.7	10.7	10.7	10.7	50	10.2
3/4/2020	10.6	10.6	10.6	10.6	100	10.1
3/18/2020	9.99	9.99	9.99	9.99	10	9.49
3/23/2020	9.99	9.99	9.99	9.99	20	9.49
3/26/2020	9.8	9.8	9.8	9.8	10	9.3
3/31/2020	9.7	9.7	9.7	9.7	30	9.2
4/1/2020	9.7	9.7	9.7	9.7	10	9.2
4/7/2020	9.7	9.7	9.7	9.7	200	9.2
4/14/2020	9.41	9.45	9.45	9.41	110	8.91
4/20/2020	9.35	9.35	9.35	9.35	50	8.85
4/21/2020	9.35	9.35	9.35	9.35	350	8.85
4/22/2020	9.07	9.07	9.07	9.07	270	8.57
4/23/2020	9	9	9	9	30	8.5
4/24/2020	8.9	8.9	8.9	8.9	40	8.4
4/27/2020	8.9	8.8	8.9	8.8	190	8.4
5/11/2020	8.71	8.71	8.71	8.71	0	8.21
5/12/2020	8.71	8.71	8.71	8.71	10	8.21
5/14/2020	8.7	8.71	8.71	8.7	80	8.2
5/19/2020	8.7	8.7	8.7	8.7	90	8.2
5/20/2020	8.7	8.7	8.7	8.7	10	8.2
5/22/2020	8.96	8.96	8.96	8.96	60	8.46
5/26/2020	9.22	9.15	9.22	9.15	290	8.72
5/27/2020	9.49	9.49	9.49	9.4	1180	8.99
5/28/2020	9.77	9.49	9.77	9.49	1690	9.27
5/29/2020	10.06	9.77	10.06	9.77	750	9.56
6/1/2020	10.36	10.06	10.36	10	1380	9.86
6/2/2020	10.67	10.64	10.67	10.6	4060	10.17
6/3/2020	10.8	10.67	10.99	10.67	1190	10.3
6/4/2020	11.12	11	11.12	10.48	1950	10.62
6/5/2020	11.44	11.44	11.44	11.3	140	10.94
6/9/2020	11.77	11.2	11.77	11.2	20	11.27
6/15/2020	11.42	11.42	11.42	11.42	0	10.92
6/16/2020	11.3	11.42	11.42	11.3	90	10.8
6/17/2020	11.3	11.3	11.3	11.3	40	10.8
6/19/2020	10.97	10.97	10.97	10.97	80	10.47
6/22/2020	10.96	10.96	10.96	10.65	250	10.46
6/23/2020	10.64	10.64	10.64	10.64	1120	10.14
6/24/2020	10.63	10.63	10.63	10.63	30	10.13
6/26/2020	11.1	10.98	11.1	10.98	1000	10.6
7/7/2020	10.97	10.77	10.97	10.77	40	10.97
7/10/2020	10.96	10.96	10.96	10.96	30	10.96
8/4/2020	10.64	10.64	10.64	10.64	80	10.64
8/10/2020	10.33	10.33	10.33	10.33	50	10.33
8/11/2020	10.03	10.03	10.03	10.03	430	10.03
8/12/2020	10.03	10.03	10.03	10.03	50	10.03
8/18/2020	9.73	9.73	9.73	9.73	10	9.73
9/1/2020	10	9.74	10	9.74	70	10
9/3/2020	10	9.73	10	9.73	240	10
9/4/2020	10	10	10	10	20	10
9/16/2020	9.98	9.98	9.98	9.98	0	9.98
9/23/2020	9.7	9.71	9.71	9.7	90	9.7
9/28/2020	9.7	9.7	9.7	9.7	10	9.7
10/1/2020	9.7	9.72	9.72	9.7	160	9.7
10/9/2020	9.7	9.7	9.7	9.7	0	9.7
10/22/2020	9.45	9.45	9.45	9.45	40	9.45
10/27/2020	9.45	9.19	9.45	9.19	30	9.45
10/28/2020	9.7	9.42	9.7	9.42	560	9.7
10/30/2020	9.99	9.41	9.99	9.41	110	9.99
11/9/2020	10.28	10.28	10.28	10.28	40	10.28
11/12/2020	10.28	9.82	10.28	9.82	40	10.28
12/1/2020	10.56	10.56	10.56	10.56	40	10.56
12/4/2020	10	10.26	10.26	9.93	810	10
12/8/2020	9.7	9.74	9.74	9.7	200	9.7
12/9/2020	9.27	9.27	9.27	9.27	10	9.27
12/10/2020	9.68	9.68	9.68	9.68	50	9.68
12/11/2020	9.96	9.68	9.97	9.67	350	9.96
12/14/2020	9.97	9.95	9.97	9.67	280	9.97
12/15/2020	10.55	9.96	10.56	9.96	1160	10.55
12/16/2020	10.99	10.5	11.02	10.5	1370	10.99
12/17/2020	11.3	11.31	11.31	11	930	11.3
12/18/2020	11.3	11.3	11.3	11.3	200	11.3
12/21/2020	11.5	11.6	11.63	11.5	620	11.5
12/22/2020	11.6	11.8	11.84	11.6	850	11.6
12/23/2020	11.65	11.08	11.65	11.08	750	11.65
12/24/2020	11.31	11.31	11.31	11.31	150	11.31
12/25/2020	11.13	11.64	11.64	11.13	120	11.13
1/4/2021	11	11	11	10.8	110	11
1/6/2021	10.67	10.67	10.67	10.67	100	10.67
1/13/2021	10.99	10.98	10.99	10.98	20	10.99
1/15/2021	11	10.99	11	10.99	50	11
1/28/2021	10.98	10.98	10.98	10.98	1030	10.98
2/1/2021	10.66	10.66	10.66	10.66	260	10.66
2/2/2021	10.35	10.36	10.36	10.35	70	10.35
2/3/2021	10.04	10.04	10.04	10.04	50	10.04
2/8/2021	10.04	10.04	10.04	10.04	20	10.04
2/9/2021	10.04	10.04	10.04	10.04	160	10.04
2/16/2021	9.74	9.74	9.74	9.74	40	9.74
2/23/2021	9.74	9.74	9.74	9.74	10	9.74
3/1/2021	9.45	9.45	9.45	9.45	130	9.45
3/2/2021	8.9	9.17	9.17	8.9	210	8.9
3/4/2021	9.3	9.3	9.3	9.3	0	9.3
3/5/2021	9.03	9.03	9.03	9.03	330	9.03
3/9/2021	8.76	8.9	8.9	8.76	1050	8.76
3/17/2021	8.77	8.77	8.77	8.77	400	8.77
3/18/2021	8.87	8.86	8.87	8.86	450	8.87
3/19/2021	8.87	8.88	8.88	8.87	140	8.87
3/22/2021	9.13	8.88	9.13	8.87	150	9.13
3/25/2021	9.4	9.15	9.4	9.15	130	9.4
3/26/2021	9.15	9.16	9.16	9.15	200	9.15
3/29/2021	9.15	9.15	9.15	9.15	0	9.15
3/30/2021	9.15	9.15	9.15	9.15	7780	9.15
3/31/2021	9	9.15	9.15	8.89	700	9
4/1/2021	8.89	8.9	8.9	8.89	1920	8.89
4/2/2021	8.88	8.88	8.88	8.88	0	8.88
4/5/2021	9.14	9.1	9.14	9.1	550	9.14
4/6/2021	9.17	9.17	9.17	9.17	30	9.17
4/7/2021	9.26	9.17	9.26	9.17	30	9.26
4/8/2021	9.34	9.34	9.34	9.34	10	9.34
4/12/2021	9.33	9.34	9.34	9.33	500	9.33
4/13/2021	9.34	9.34	9.34	9.34	40	9.34
4/16/2021	9.44	9.41	9.44	9.41	3900	9.44
4/19/2021	9.72	9.45	9.72	9.45	300	9.72
4/20/2021	10.01	10	10.01	10	1100	10.01
4/21/2021	10.31	10.31	10.31	10.31	100	10.31
4/22/2021	10.4	10.4	10.4	10.4	150	10.4
4/23/2021	10.25	10.25	10.25	10.25	500	10.25
4/26/2021	10.02	10.02	10.02	10.02	300	10.02
4/27/2021	10.3	10.3	10.3	10.3	550	10.3
4/28/2021	10.91	10.6	10.91	10.6	310	10.91
4/29/2021	11.23	11.18	11.23	11.18	2670	11.23
4/30/2021	11.56	11.23	11.56	11.23	770	11.56
5/3/2021	11.7	11.7	11.7	11.7	10	11.7
5/4/2021	11.8	11.79	11.8	11.79	40	11.8
5/5/2021	12.15	11.79	12.15	11.56	1670	12.15
5/7/2021	11.9	11.9	12	11.9	500	11.9
5/10/2021	11.89	11.85	11.89	11.85	170	11.89
5/11/2021	11.88	11.89	11.89	11.71	220	11.88
5/17/2021	12.01	11.8	12.23	11.79	1150	12.01
5/19/2021	12.25	12.2	12.25	12.2	160	12.25
5/20/2021	12.25	12.25	12.25	12.25	300	12.25
5/21/2021	12.25	12.25	12.25	12.25	700	12.25
5/24/2021	12.1	12.24	12.24	12.1	390	12.1
5/25/2021	12.24	11.81	12.24	11.8	210	12.24
5/26/2021	12.26	12.2	12.26	12.2	390	12.26
5/27/2021	12.2	12.2	12.2	12.2	400	12.2
5/28/2021	11.35	11.7	11.7	11.35	210	11.35
5/31/2021	11.35	11.55	11.55	11.35	90	11.35
6/1/2021	11.55	11.55	11.55	11.55	10	11.55
6/2/2021	11.35	11.69	11.69	11.35	10	10.85
6/3/2021	11.35	11.35	11.35	11.35	10	10.85
6/4/2021	11.01	11.01	11.01	11.01	10	10.51
6/8/2021	11.01	11.01	11.01	11.01	90	10.51
6/9/2021	10.68	10.68	10.68	10.68	30	10.18
6/29/2021	10.68	10.68	10.68	10.68	150	10.18
7/1/2021	10.33	10.33	10.33	10.33	0	9.83
7/2/2021	10.63	10.33	10.63	10.03	110	10.13
7/9/2021	10.32	10.32	10.32	10.32	10	9.82
7/13/2021	10.03	10.03	10.03	10.03	110	9.53
7/16/2021	10	9.73	10	9.73	610	9.5
7/22/2021	10	10	10	10	20	9.5
7/29/2021	10	10	10	10	360	9.5
8/2/2021	10.3	10.03	10.3	10.03	100	9.8
8/3/2021	10	10	10	10	1620	9.5
8/4/2021	10	10	10	10	400	9.5
8/17/2021	9.74	9.74	9.74	9.74	70	9.24
8/18/2021	9.74	9.74	9.74	9.74	530	9.24
8/23/2021	10.03	10.03	10.03	10.03	700	9.53
8/24/2021	10.3	10.3	10.3	10.3	0	9.8
8/30/2021	10.3	10.3	10.3	10.3	70	9.8
9/8/2021	10.5	10.2	10.5	10.2	150	10
9/15/2021	10.5	10.5	10.5	10.5	90	10
9/20/2021	11.1	10.71	11.1	10.7	350	10.6
9/21/2021	11.7	11	11.7	11	2400	11.2
9/22/2021	11.7	11.7	11.7	11.7	50	11.2
9/23/2021	11.98	11.75	11.98	11.75	980	11.48
9/24/2021	11.75	11.75	11.75	11.75	230	11.25
9/28/2021	11.36	11.36	11.37	11.36	190	10.86
9/29/2021	11.5	11.36	11.5	11.36	740	11
9/30/2021	11.35	11.35	11.35	11.35	100	10.85
10/4/2021	11.35	11.35	11.35	11.35	600	10.85
10/6/2021	11.75	11.75	11.75	11.75	100	11.25
10/7/2021	11.75	11.75	11.75	11.7	780	11.25
10/14/2021	11.6	11.74	11.75	11.6	460	11.1
10/19/2021	11.5	11.5	11.5	11.5	50	11
10/20/2021	11.9	11.73	11.9	11.73	1040	11.4
10/22/2021	11.9	11.9	11.9	11.9	500	11.4
10/28/2021	12.05	11.9	12.05	11.9	1980	11.55
10/29/2021	12.2	12.2	12.2	12.2	0	11.7
11/1/2021	12	12	12	12	50	11.5
11/3/2021	11.7	11.7	11.7	11.7	0	11.2
11/8/2021	11.7	11.75	11.75	11.7	290	11.2
11/9/2021	11.4	11.4	11.4	11.4	600	10.9
11/10/2021	11.4	11.38	11.4	11.38	650	10.9
11/15/2021	11.62	11.62	11.62	11.62	160	11.12
11/16/2021	11.62	12.05	12.1	11.62	630	11.12
11/17/2021	11.7	11.8	11.8	11.62	260	11.2
11/22/2021	11.49	11.6	11.6	11.47	90	10.99
11/23/2021	11.35	11.38	11.38	10.83	1500	10.85
11/24/2021	11.35	11.01	11.35	11.01	10	10.85
11/25/2021	12	11.35	12	11.35	100	11.5
11/26/2021	12	12	12	12	100	11.5
11/29/2021	12	11.65	12.2	11.65	210	11.5
11/30/2021	11.74	11.74	11.74	11.74	30	11.24
12/1/2021	12.32	12.33	12.33	11.96	190	11.82
12/2/2021	12	12	12	12	200	11.5
12/3/2021	12.33	12.36	12.36	12	230	11.83
12/6/2021	12.33	12.33	12.33	12.33	50	11.83
12/7/2021	12.2	12.2	12.2	12.2	20	11.7
12/9/2021	11.8	12.05	12.05	11.8	140	11.3
12/10/2021	12	12	12	12	0	11.5
12/13/2021	12.2	11.9	12.2	11.9	110	11.7
12/14/2021	11.48	11.48	11.48	11.48	0	10.98
12/16/2021	12.16	12.16	12.16	12.16	0	11.66
12/20/2021	11.45	12.19	12.5	11.45	9160	10.95
12/21/2021	12.13	12	12.13	12	90	11.63
12/22/2021	12.36	12.36	12.36	12.36	100	11.86
12/23/2021	12.5	12.7	12.7	12.5	20	12
12/27/2021	12.69	12.72	12.72	12	220	12.19
12/28/2021	12.1	12.5	12.5	12.1	3040	11.6
12/29/2021	12.72	12.73	12.73	12.2	80	12.22
12/30/2021	12.36	12.73	12.73	12.36	0	11.86
12/31/2021	12	12.36	12.36	12	50	11.5
1/3/2022	12.1	12.1	12.1	12.1	40	11.6
1/4/2022	12.69	12.02	12.69	12.02	10	12.19
1/6/2022	12	12	12	12	150	11.5
1/7/2022	11.99	11.99	11.99	11.99	10	11.49
1/11/2022	11.28	11.28	11.28	11.28	250	10.78
1/13/2022	11.11	11.11	11.11	11.11	0	10.61
1/14/2022	11.62	11.12	11.62	11.11	120	11.12
1/18/2022	11.97	11.62	11.99	11.62	80	11.47
1/19/2022	11.3	11.3	11.3	11.3	290	10.8
1/20/2022	11.96	11.31	11.96	11.31	100	11.46
1/22/2022	11.5	11.5	11.5	11.5	0	11
1/26/2022	11.33	11.33	11.34	11.33	100	10.83
1/27/2022	11.71	11.55	11.94	11.55	630	11.21
1/28/2022	11.5	11.5	11.5	11.5	0	11
1/31/2022	11.96	11.53	11.96	11.53	170	11.46
2/1/2022	11.92	11.96	11.96	11.92	340	11.42
2/3/2022	11.88	11.89	11.89	11.88	90	11.38
2/4/2022	11.65	11.65	11.65	11.65	10	11.15
2/7/2022	11.6	11.86	11.88	11.6	1100	11.1
2/8/2022	11.88	11.27	11.88	11.27	0	11.38
2/9/2022	11.84	11.84	11.84	11.84	40	11.34
2/10/2022	11.8	11.79	11.89	11.79	200	11.3
2/11/2022	12.19	11.88	12.19	11.88	5760	11.69
2/14/2022	12.33	12.12	12.33	12.08	230	11.83
2/15/2022	12.5	12.33	12.5	12.33	550	12
2/16/2022	12.5	12.5	12.5	12.5	0	12
2/18/2022	12.69	12.5	12.7	12.5	160	12.19
2/21/2022	12.95	12.68	12.99	12.68	330	12.45
2/22/2022	13.1	12.99	13.1	12.35	380	12.6
2/23/2022	13.24	13.21	13.25	13.21	470	12.74
2/24/2022	13.43	13.43	13.43	13.43	0	12.93
3/1/2022	13.19	13.43	13.45	13.19	100	12.69
3/2/2022	12.99	13	13	12.74	300	12.49
3/3/2022	13.44	13.43	13.43	13.43	30	12.94
3/4/2022	13.43	13.43	13.43	13.43	30	12.93
3/7/2022	13	13.17	13.2	13	340	12.5
3/8/2022	13.73	13.2	13.75	13.2	390	13.23
3/9/2022	13.72	13.72	13.72	13.72	80	13.22
3/11/2022	13.64	13.64	13.64	13.64	10	13.14
3/14/2022	13.4	13.4	13.4	13.4	0	12.9
3/16/2022	13.3	13.3	13.3	13.3	100	12.8
3/21/2022	13.23	13.22	13.23	13	480	12.73
3/22/2022	13.15	13.15	13.15	13.15	60	12.65
3/23/2022	13.23	13.23	13.23	13.23	0	12.73
3/24/2022	13.23	13.22	13.23	13.22	10	12.73
3/28/2022	13.2	13.2	13.2	13.2	0	12.7
3/29/2022	13.23	13.23	13.23	13.23	0	12.73
3/30/2022	13.23	13.23	13.23	13.23	0	12.73
3/31/2022	13.4	13.23	13.85	13.23	2720	12.9
4/1/2022	13.4	13.4	13.4	13.4	10	12.9
4/4/2022	13.3	13.16	13.3	13.16	300	12.8
4/5/2022	13.4	13.29	13.4	13.2	1240	12.9
4/6/2022	13.4	13.39	13.4	13.2	110	12.9
4/7/2022	13.4	13.4	13.4	13.4	0	12.9
4/8/2022	13.39	13.39	13.39	13.3	50	12.89
4/11/2022	13.21	13.22	13.37	13.21	260	12.71
4/12/2022	13.5	13.38	13.5	13.38	610	13
4/14/2022	13.9	13.5	13.9	13.5	150	13.4
4/15/2022	13.25	13.25	13.6	13.25	5170	12.75
4/18/2022	13.75	13.28	13.75	13.23	100	13.25
4/19/2022	13.75	13.75	13.75	13.75	300	13.25
4/20/2022	13.8	13.3	13.8	13.3	70	13.3
4/21/2022	13.6	13.7	13.7	13.6	40	13.1
4/22/2022	13.5	13.5	13.5	13.5	10	13
4/25/2022	13.31	13.31	13.31	13.31	370	12.81
4/26/2022	13.6	13.59	13.6	13.32	520	13.1
4/27/2022	14	13.59	14	13.3	1480	13.5
4/28/2022	13.77	13.5	13.77	13.5	160	13.27
4/29/2022	13.99	13.99	13.99	13.99	60	13.49
5/4/2022	13.99	13.99	13.99	13.99	0	13.49
5/5/2022	13.89	13.9	13.99	13.89	280	13.39
5/10/2022	13.89	13.85	13.99	13.85	1450	13.39
5/11/2022	13.85	13.99	13.99	13.8	660	13.35
5/12/2022	13.8	13.98	13.98	13.8	940	13.3
5/13/2022	13.72	13.72	13.72	13.72	1330	13.22
5/16/2022	13.72	13.6	13.72	13.6	210	13.22
5/17/2022	13.7	13.7	13.7	13.7	400	13.2
5/18/2022	13.7	13.7	13.7	13.7	1420	13.2
5/19/2022	13.8	13.7	13.98	13.51	710	13.3
5/20/2022	13.79	13.5	13.79	13.5	60	13.29
5/23/2022	13.94	13.98	13.98	13.84	10290	13.44
5/24/2022	13.5	13.5	13.5	13.5	0	13
5/25/2022	13.76	13.5	13.77	13.5	1080	13.26
5/26/2022	13.45	13.43	13.45	13.43	530	12.95
5/27/2022	13.71	13.71	13.71	13.71	0	12.51
6/6/2022	13.5	13.5	13.5	13.5	90	12.3
6/8/2022	13.21	13.21	13.21	13.21	100	12.01
6/9/2022	13.21	13.21	13.5	13.21	110	12.01
6/10/2022	13.3	13.21	13.5	13.21	750	12.1
6/14/2022	13.3	13.3	13.3	13.3	0	12.1
6/16/2022	13.5	13.5	13.5	13.5	250	12.3
6/17/2022	13.7	13.7	13.7	13.7	0	12.5
6/21/2022	13.9	13.9	13.9	13.9	0	12.7
6/22/2022	13.9	13.9	13.9	13.9	790	12.7
6/24/2022	13.5	13.5	13.5	13.3	10	12.3
6/27/2022	13.59	13.89	13.89	13.58	10	12.39
6/28/2022	13.5	13.5	13.5	13.5	10	12.3
7/4/2022	13.9	13.9	13.9	13.9	0	12.7
7/5/2022	13.9	13.35	13.9	13.35	270	12.7
7/6/2022	13.5	13.7	13.89	13.5	1320	12.3
7/7/2022	13.85	13.85	13.85	13.6	50	12.65
7/8/2022	13.55	13.52	13.85	13.52	160	12.35
7/11/2022	13.75	13.75	13.75	13.52	20	12.55
7/12/2022	13.85	13.74	13.85	13.74	40	12.65
7/14/2022	13.55	13.55	13.55	13.55	80	12.35
7/15/2022	13.8	13.8	13.8	13.8	0	12.6
7/18/2022	13.78	13.7	13.78	13.7	30	12.58
7/19/2022	13.79	13.51	13.79	13.51	440	12.59
7/20/2022	13.78	13.78	13.83	13.78	160	12.58
7/21/2022	13.83	13.83	13.83	13.83	0	12.63
7/22/2022	13.78	13.57	13.78	13.57	0	12.58
7/28/2022	13.7	13.56	13.7	13.56	320	12.5
8/1/2022	13.6	13.78	13.78	13.6	500	12.4
8/2/2022	13.78	13.57	13.78	13.57	20	12.58
8/3/2022	13.6	13.6	13.6	13.6	200	12.4
8/4/2022	13.69	13.69	13.69	13.69	0	12.49
8/8/2022	13.75	13.78	13.78	13.69	10	12.55
8/9/2022	13.77	13.77	13.77	13.77	0	12.57
8/11/2022	13.57	13.57	13.57	13.57	10	12.37
8/12/2022	13.5	13.5	13.5	13.5	210	12.3
8/17/2022	13.6	13.45	13.6	13.45	160	12.4
8/18/2022	13.6	13.6	13.6	13.6	0	12.4
8/22/2022	13.78	13.78	13.78	13.78	0	12.58
8/25/2022	13.78	13.78	13.78	13.78	30	12.58
8/26/2022	13.8	13.8	13.8	13.8	0	12.6
8/29/2022	13.83	13.83	13.83	13.83	0	12.63
9/2/2022	13.35	13.6	13.6	13.35	460	12.15
9/5/2022	13.85	13.85	13.85	13.85	0	12.65
9/6/2022	13.6	13.6	13.6	13.58	170	12.4
9/7/2022	13.58	13.58	13.58	13.58	220	12.38
9/9/2022	13.58	13.58	13.58	13.58	10	12.38
9/12/2022	13.58	13.75	13.75	13.58	3620	12.38
9/14/2022	13.5	13.5	13.5	13.4	320	12.3
9/15/2022	13.35	13.35	13.35	13.35	50	12.15
9/19/2022	13.8	13.5	13.85	13.5	270	12.6
9/20/2022	13.8	13.85	13.85	13.8	130	12.6
9/21/2022	13.5	13.53	13.53	13.49	350	12.3
9/22/2022	13.3	13.3	13.3	13.3	50	12.1
9/23/2022	13.4	13.02	13.84	13.01	830	12.2
9/26/2022	13.39	13.63	13.63	13	300	12.19
9/27/2022	13.29	13.29	13.3	13.19	80	12.09
9/28/2022	13.25	13.25	13.25	13.25	100	12.05
9/29/2022	13.3	13.15	13.3	13.15	130	12.1
9/30/2022	13.29	13.1	13.29	13.1	130	12.09
10/3/2022	13.72	13.73	13.73	13.72	10	12.52
10/4/2022	13.1	13.2	13.2	13.1	210	11.9
10/5/2022	13	13	13	13	510	11.8
10/6/2022	13.2	13.2	13.2	13	300	12
10/7/2022	13.2	13.05	13.2	13.05	170	12
10/10/2022	13.2	13.05	13.2	13.05	10	12
10/12/2022	13.2	13.2	13.2	13.2	260	12
10/13/2022	13.29	13.3	13.3	13.2	70	12.09
10/14/2022	13.29	13.29	13.3	13.28	160	12.09
10/17/2022	13.52	13.29	13.79	13.29	450	12.32
10/18/2022	13.5	13.11	13.5	13.11	790	12.3
10/19/2022	13.5	13	13.77	13	530	12.3
10/21/2022	13.49	13.49	13.49	13.49	20	12.29
10/24/2022	13.4	13.49	13.49	13.4	20	12.2
10/25/2022	13.3	13.2	13.3	13.2	430	12.1
10/27/2022	13.2	13.2	13.2	13.1	10	12
10/28/2022	13.11	13.11	13.3	13.1	520	11.91
10/31/2022	13.25	13.25	13.25	13.25	10	12.05
11/1/2022	13.25	13.25	13.25	13.25	10	12.05
11/2/2022	13.2	13.2	13.2	13.1	20	12
11/3/2022	13.3	13.1	13.3	13.1	750	12.1
11/4/2022	13.1	13.1	13.11	13.1	540	11.9
11/7/2022	13.07	13.11	13.3	13.07	100	11.87
11/8/2022	13.19	13.15	13.2	13.15	330	11.99
11/9/2022	13.3	13.2	13.3	13.2	160	12.1
11/10/2022	13.15	13.15	13.29	13.15	490	11.95
11/11/2022	13.05	13.15	13.15	13.05	760	11.85
11/14/2022	13.3	13.05	13.3	13.05	10	12.1
11/15/2022	13.3	13.3	13.3	13.3	0	12.1
11/16/2022	13.24	13.24	13.24	13.24	0	12.04
11/17/2022	13.08	13.2	13.24	13.08	210	11.88
11/18/2022	13.49	13.49	13.49	13.49	0	12.29
11/21/2022	13.15	13.49	13.49	13.15	290	11.95
11/22/2022	13.75	13.49	13.75	13.49	30	12.55
11/23/2022	13.4	13.3	13.4	13.3	130	12.2
11/24/2022	13.4	13.2	13.4	13.2	10	12.2
11/25/2022	13.76	13.3	13.8	13.25	23200	12.56
12/7/2022	13.7	13.7	13.7	13.16	150	12.5
12/13/2022	13.75	13.75	13.75	13.75	0	12.55
12/22/2022	13.7	13.69	13.7	13.69	20	12.5
1/2/2023	13.7	13.7	13.7	13.7	80	12.5
1/3/2023	13.6	13.65	13.65	13.59	1190	12.4
1/4/2023	13.59	13.01	13.59	13.01	490	12.39
1/6/2023	13.58	13.58	13.58	13.58	120	12.38
1/11/2023	13.58	13.58	13.58	13.58	130	12.38
1/16/2023	13.31	13.31	13.31	13.31	830	12.11
1/17/2023	13.15	13.15	13.15	13.15	50	11.95
1/20/2023	13.69	13.6	13.7	13.6	1090	12.49
1/23/2023	13.69	13.69	13.69	13.69	60	12.49
1/25/2023	13.75	12.9	13.75	12.9	60	12.55
2/7/2023	13.48	13.48	13.48	13.48	10	12.28
2/9/2023	13.48	13.48	13.48	13.48	240	12.28
2/10/2023	13.48	13.48	13.48	13.48	360	12.28
2/13/2023	13.47	13.48	13.48	13.47	840	12.27
2/14/2023	13.01	13.01	13.01	13.01	10	11.81
2/17/2023	13.2	13.2	13.2	13.2	500	12
2/21/2023	13.2	13.2	13.2	13.2	500	12
2/24/2023	13.35	13.35	13.35	13.35	0	12.15
3/3/2023	13.1	13.35	13.35	13.1	380	11.9
3/6/2023	13.61	13.61	13.61	13.61	10	12.41
3/7/2023	13.61	13.61	13.61	13.61	100	12.41
3/8/2023	13.3	13.3	13.3	13.3	1500	12.1
3/9/2023	13.3	13.3	13.3	13.3	450	12.1
3/13/2023	13.3	13.3	13.3	13.3	620	12.1
3/17/2023	13.4	13.4	13.4	13.4	400	12.2
3/21/2023	13.4	13.4	13.4	13.4	0	12.2
3/22/2023	13.75	13.61	13.82	13.61	9090	12.55
3/23/2023	13.74	13.75	13.75	13.74	4680	12.54
3/24/2023	13.75	13.85	13.85	13.7	3910	12.55
3/27/2023	13.74	13.71	13.84	13.71	9660	12.54
3/28/2023	13.7	13.99	13.99	13.7	9390	12.5
3/29/2023	13.79	13.8	13.89	13.79	15450	12.59
3/30/2023	14	14.1	14.1	13.9	12870	12.8
3/31/2023	14.3	13.98	14.3	13.98	9260	13.1
4/3/2023	14.1	14.57	14.57	14.1	530	12.9
4/4/2023	14.58	14.1	14.58	14.1	3850	13.38
4/5/2023	15	14.6	15	14.6	5960	13.8
4/6/2023	15	15.28	15.28	15	970	13.8
4/7/2023	14.7	14.53	14.98	14.53	40	13.5
4/10/2023	14.72	14.8	14.8	14.7	4250	13.52
4/11/2023	14.58	14.7	14.73	14.55	1810	13.38
4/12/2023	14.95	15	15	14.95	1020	13.75
4/13/2023	15	15	15	15	2020	13.8
4/14/2023	15	14.7	15	14.7	890	13.8
4/17/2023	15	14.99	15	14.99	1880	13.8
4/18/2023	14.99	14.99	14.99	14.99	4300	13.79
4/19/2023	14.99	14.99	14.99	14.99	3140	13.79
4/20/2023	15.3	15	15.3	15	1860	14.1
4/24/2023	16	15.59	16.21	15.49	1130	14.8
4/25/2023	16	16	16	15.96	2020	14.8
4/26/2023	16	16.5	16.5	16	1730	14.8
4/27/2023	16	16	16	16	700	14.8
4/28/2023	16	16	16	15.86	2780	14.8
5/2/2023	16	16	16	15.9	2400	14.8
5/3/2023	16.4	15.91	16.4	15.7	2370	15.2
5/4/2023	16.32	17	17	16.32	10	15.12
5/5/2023	16.2	16	16.2	15.9	3880	15
5/8/2023	16	16.5	16.5	16	300	14.8
5/9/2023	16.61	16.61	16.61	16.61	0	15.41
5/10/2023	16.35	16.39	16.39	16.02	320	15.15
5/11/2023	16.9	16.01	16.9	16.01	3090	15.7
5/12/2023	17	16.5	17.5	16.5	1210	15.8
5/15/2023	17.3	16.9	17.3	16.9	1550	16.1
5/16/2023	16.92	17.64	17.64	16.92	2160	15.72
5/17/2023	17.16	17.16	17.16	17.16	90	15.96
5/18/2023	17.15	17.25	17.25	17	690	15.95
5/19/2023	17	17.15	17.15	17	140	15.8
5/22/2023	17	17	17	16.7	1870	15.8
5/23/2023	17.25	17.24	17.25	16.7	1400	16.05
5/24/2023	17.25	17.2	17.25	16.9	2390	16.05
5/25/2023	16	16.38	16.38	16	1220	14.8
5/26/2023	16	15.95	16	15.5	3050	14.8
5/29/2023	15.59	16	16.2	15.58	920	14.39
5/30/2023	15.85	16	16	15.5	2090	14.65
5/31/2023	15.85	15.5	15.85	15.5	510	14.35
6/1/2023	15.88	15.5	15.88	15.5	0	14.38
6/2/2023	16.1	15.55	16.1	15.55	650	14.6
6/5/2023	16.15	16.1	16.15	16.1	10	14.65
6/8/2023	16.15	16.15	16.15	16.15	160	14.65
6/9/2023	16.19	16.19	16.19	16.19	10	14.69
6/14/2023	16.1	16	16.1	15.8	470	14.6
6/19/2023	15.5	15.8	15.98	15.5	120	14
6/20/2023	16.09	16.09	16.09	16.09	0	14.59
6/21/2023	15.76	15.52	16.08	15.52	660	14.26
6/23/2023	16	16	16	16	0	14.5
6/26/2023	15.55	16	16	15.55	480	14.05
6/27/2023	16	16	16	16	0	14.5
7/5/2023	16	16	16	16	60	14.5
7/6/2023	16	16	16	16	1580	14.5
7/7/2023	15.95	15.95	16	15.95	330	14.45
7/10/2023	15.95	15.8	15.95	15.8	310	14.45
7/11/2023	16.2	16	16.39	16	1540	14.7
7/14/2023	15.8	15.88	15.88	15.8	1000	14.3
7/17/2023	16.4	16.4	16.4	16.4	10	14.9
7/18/2023	16.38	16.2	16.4	16.2	1320	14.88
7/20/2023	16.38	16.38	16.38	16.38	1140	14.88
7/21/2023	16.4	16.38	16.4	16.38	620	14.9
7/26/2023	16.39	16.3	16.39	16.3	1300	14.89
7/28/2023	16.39	16.39	16.39	16.39	810	14.89
7/31/2023	16.4	16.4	16.4	16.39	6490	14.9
8/1/2023	16.6	16.4	16.68	16.4	2010	15.1
8/4/2023	16.4	16.5	16.5	16.4	720	14.9
8/7/2023	16.38	16.38	16.38	16.12	450	14.88
8/8/2023	16.39	16.38	16.39	16.38	1310	14.89
8/9/2023	16.39	16.39	16.39	16.39	650	14.89
8/10/2023	16.3	16.3	16.38	16.3	420	14.8
8/15/2023	16.4	16.3	16.4	16.3	1020	14.9
8/17/2023	16.39	16.39	16.39	16.39	510	14.89
8/18/2023	16.3	16.39	16.39	16.3	300	14.8
8/21/2023	16.35	16.39	16.39	16.35	580	14.85
8/22/2023	16.39	16.39	16.39	16.39	220	14.89
8/23/2023	16.39	16.3	16.39	16.2	110	14.89
8/24/2023	16.39	16.2	16.39	16.2	110	14.89
8/28/2023	16.39	16.38	16.39	16.38	330	14.89
8/29/2023	16.39	16.39	16.39	16.39	230	14.89
8/31/2023	16.39	16.39	16.39	16.38	3580	14.89
9/1/2023	16.32	16.32	16.32	16.32	20	14.82
9/4/2023	16.7	16.39	16.7	16.39	3550	15.2
9/5/2023	16.65	16.7	16.7	16.41	380	15.15
9/6/2023	16.65	16.6	16.65	16.6	450	15.15
9/7/2023	16.5	16.45	16.5	16.32	430	15
9/8/2023	16.44	16.32	16.44	16.32	50	14.94
9/11/2023	16.5	16.32	16.5	16.32	220	15
9/12/2023	16.5	16.5	16.5	16.32	390	15
9/13/2023	16.65	16.5	16.65	16.5	590	15.15
9/14/2023	16.65	16.65	16.65	16.51	120	15.15
9/15/2023	16.62	16.62	16.62	16.6	1060	15.12
9/18/2023	16.65	16.65	16.65	16.65	60	15.15
9/19/2023	16.6	16.6	16.6	16.6	2200	15.1
9/20/2023	16.6	16.51	16.6	16.51	160	15.1
9/21/2023	16.51	16.51	16.51	16.51	540	15.01
9/28/2023	16.55	16.45	16.55	16.45	980	15.05
9/29/2023	16.35	16.35	16.35	16.35	90	14.85
10/2/2023	16.35	16.32	16.35	16.32	200	14.85
10/3/2023	16.55	16.55	16.55	16.55	0	15.05
10/5/2023	16.59	16.58	16.59	16.58	170	15.09
10/6/2023	16.59	16.59	16.59	16.59	300	15.09
10/9/2023	16.5	16.5	16.5	16.5	230	15
10/10/2023	16.5	16.5	16.5	16.5	170	15
10/11/2023	16.49	16.5	16.5	16.17	400	14.99
10/12/2023	16.49	16.17	16.49	16.17	320	14.99
10/27/2023	16.17	16.17	16.17	16	1250	14.67
10/30/2023	16.5	16.17	16.5	16.17	10	15
11/1/2023	17.4	17.4	17.4	17.4	0	15.9
11/2/2023	16.7	16.4	16.7	16.4	1170	15.2
11/3/2023	16.4	16.4	16.4	16.4	500	14.9
11/6/2023	16.4	16.67	16.67	16.4	800	14.9
11/10/2023	16.2	16.2	16.2	16.2	0	14.7
11/13/2023	16	16.21	16.21	16	260	14.5
11/14/2023	16.4	16.4	16.4	16.4	0	14.9
11/15/2023	16.4	16.4	16.4	16.4	10	14.9
11/16/2023	16.1	16.11	16.11	16.1	180	14.6
11/17/2023	16.39	16.1	16.39	16	230	14.89
11/22/2023	16.39	16.01	16.39	16.01	90	14.89
11/23/2023	16.38	16.39	16.39	16.38	370	14.88
12/5/2023	16.38	16.1	16.38	16.1	460	14.88
